trial_ID;arrow_1;arrow_2;arrow_3;arrow_4;cero_refrescado;uno_refrescado;dos_refrescado;candi_target;target_disco;color_disco030;color_disco090;color_disco150;color_disco210;color_disco270;color_disco330;target_color;practice_trial
1;arrow090.png;arrow330.png;arrow150.png;arrow090.png;['arrow030.png', 'arrow210.png', 'arrow270.png'];['arrow330.png', 'arrow150.png'];['arrow090.png'];cero_refrescado;disc270;72;39;111;278;201;163;201;Yes
2;arrow150.png;arrow090.png;arrow150.png;arrow270.png;['arrow030.png', 'arrow210.png', 'arrow330.png'];['arrow090.png', 'arrow270.png'];['arrow150.png'];cero_refrescado;disc210;272;224;193;80;46;322;80;Yes
3;arrow330.png;arrow210.png;arrow090.png;arrow210.png;['arrow030.png', 'arrow150.png', 'arrow270.png'];['arrow330.png', 'arrow090.png'];['arrow210.png'];uno_refrescado;disc090;97;258;321;229;76;172;258;Yes
4;arrow030.png;arrow090.png;arrow030.png;arrow090.png;['arrow150.png', 'arrow210.png', 'arrow270.png', 'arrow330.png'];['non_existent'];['arrow030.png', 'arrow090.png'];dos_refrescado;disc030;175;124;264;39;288;88;175;Yes
5;arrow150.png;arrow090.png;arrow030.png;arrow150.png;['arrow210.png', 'arrow270.png', 'arrow330.png'];['arrow090.png', 'arrow030.png'];['arrow150.png'];dos_refrescado;disc150;181;8;266;313;156;36;266;Yes
6;arrow150.png;arrow030.png;arrow150.png;arrow030.png;['arrow090.png', 'arrow210.png', 'arrow270.png', 'arrow330.png'];['non_existent'];['arrow150.png', 'arrow030.png'];dos_refrescado;disc150;8;304;41;275;235;197;41;No
7;arrow270.png;arrow330.png;arrow150.png;arrow210.png;['arrow030.png', 'arrow090.png'];['arrow270.png', 'arrow330.png', 'arrow150.png', 'arrow210.png'];['non_existent'];cero_refrescado;disc090;103;317;175;133;82;22;317;No
8;arrow270.png;arrow330.png;arrow210.png;arrow090.png;['arrow030.png', 'arrow150.png'];['arrow270.png', 'arrow330.png', 'arrow210.png', 'arrow090.png'];['non_existent'];uno_refrescado;disc090;225;50;7;86;310;249;50;No
9;arrow330.png;arrow090.png;arrow330.png;arrow090.png;['arrow030.png', 'arrow150.png', 'arrow210.png', 'arrow270.png'];['non_existent'];['arrow330.png', 'arrow090.png'];dos_refrescado;disc090;248;158;349;297;60;106;158;No
10;arrow090.png;arrow330.png;arrow210.png;arrow330.png;['arrow030.png', 'arrow150.png', 'arrow270.png'];['arrow090.png', 'arrow210.png'];['arrow330.png'];dos_refrescado;disc330;179;201;137;266;309;333;333;No
11;arrow330.png;arrow210.png;arrow030.png;arrow210.png;['arrow090.png', 'arrow150.png', 'arrow270.png'];['arrow330.png', 'arrow030.png'];['arrow210.png'];cero_refrescado;disc150;71;300;345;246;177;321;345;No
12;arrow150.png;arrow090.png;arrow150.png;arrow090.png;['arrow030.png', 'arrow210.png', 'arrow270.png', 'arrow330.png'];['non_existent'];['arrow150.png', 'arrow090.png'];cero_refrescado;disc030;38;165;250;99;291;0;38;No
13;arrow090.png;arrow270.png;arrow150.png;arrow210.png;['arrow030.png', 'arrow330.png'];['arrow090.png', 'arrow270.png', 'arrow150.png', 'arrow210.png'];['non_existent'];uno_refrescado;disc210;112;18;220;303;91;330;303;No
14;arrow150.png;arrow090.png;arrow150.png;arrow210.png;['arrow030.png', 'arrow270.png', 'arrow330.png'];['arrow090.png', 'arrow210.png'];['arrow150.png'];dos_refrescado;disc150;83;6;113;220;188;309;113;No
15;arrow270.png;arrow210.png;arrow270.png;arrow210.png;['arrow030.png', 'arrow090.png', 'arrow150.png', 'arrow330.png'];['non_existent'];['arrow270.png', 'arrow210.png'];dos_refrescado;disc210;324;144;276;173;198;30;173;No
16;arrow210.png;arrow270.png;arrow330.png;arrow090.png;['arrow030.png', 'arrow150.png'];['arrow210.png', 'arrow270.png', 'arrow330.png', 'arrow090.png'];['non_existent'];uno_refrescado;disc330;266;323;195;222;350;75;75;No
17;arrow270.png;arrow330.png;arrow270.png;arrow330.png;['arrow030.png', 'arrow090.png', 'arrow150.png', 'arrow210.png'];['non_existent'];['arrow270.png', 'arrow330.png'];cero_refrescado;disc150;81;19;307;58;147;340;307;No
18;arrow330.png;arrow090.png;arrow210.png;arrow090.png;['arrow030.png', 'arrow150.png', 'arrow270.png'];['arrow330.png', 'arrow210.png'];['arrow090.png'];cero_refrescado;disc030;329;72;113;284;241;178;329;No
19;arrow210.png;arrow270.png;arrow210.png;arrow270.png;['arrow030.png', 'arrow090.png', 'arrow150.png', 'arrow330.png'];['non_existent'];['arrow210.png', 'arrow270.png'];dos_refrescado;disc210;146;352;23;180;89;215;180;No
20;arrow150.png;arrow330.png;arrow210.png;arrow030.png;['arrow090.png', 'arrow270.png'];['arrow150.png', 'arrow330.png', 'arrow210.png', 'arrow030.png'];['non_existent'];uno_refrescado;disc030;6;100;282;152;302;218;6;No
21;arrow270.png;arrow090.png;arrow270.png;arrow090.png;['arrow030.png', 'arrow150.png', 'arrow210.png', 'arrow330.png'];['non_existent'];['arrow270.png', 'arrow090.png'];dos_refrescado;disc270;356;19;52;126;226;288;226;No
22;arrow270.png;arrow330.png;arrow210.png;arrow330.png;['arrow030.png', 'arrow090.png', 'arrow150.png'];['arrow270.png', 'arrow210.png'];['arrow330.png'];uno_refrescado;disc210;326;117;90;293;170;5;293;No
23;arrow210.png;arrow150.png;arrow210.png;arrow150.png;['arrow030.png', 'arrow090.png', 'arrow270.png', 'arrow330.png'];['non_existent'];['arrow210.png', 'arrow150.png'];cero_refrescado;disc330;151;121;319;346;274;72;72;No
24;arrow150.png;arrow210.png;arrow150.png;arrow210.png;['arrow030.png', 'arrow090.png', 'arrow270.png', 'arrow330.png'];['non_existent'];['arrow150.png', 'arrow210.png'];dos_refrescado;disc210;223;346;249;54;296;150;54;No
25;arrow150.png;arrow090.png;arrow150.png;arrow330.png;['arrow030.png', 'arrow210.png', 'arrow270.png'];['arrow090.png', 'arrow330.png'];['arrow150.png'];dos_refrescado;disc150;12;124;248;290;223;153;248;No
26;arrow030.png;arrow270.png;arrow330.png;arrow030.png;['arrow090.png', 'arrow150.png', 'arrow210.png'];['arrow270.png', 'arrow330.png'];['arrow030.png'];uno_refrescado;disc030;134;274;48;212;181;315;134;No
27;arrow330.png;arrow030.png;arrow090.png;arrow330.png;['arrow150.png', 'arrow210.png', 'arrow270.png'];['arrow030.png', 'arrow090.png'];['arrow330.png'];uno_refrescado;disc090;298;177;337;46;89;361;177;No
28;arrow150.png;arrow030.png;arrow210.png;arrow330.png;['arrow090.png', 'arrow270.png'];['arrow150.png', 'arrow030.png', 'arrow210.png', 'arrow330.png'];['non_existent'];uno_refrescado;disc330;65;197;165;255;235;283;283;No
29;arrow210.png;arrow030.png;arrow150.png;arrow210.png;['arrow090.png', 'arrow270.png', 'arrow330.png'];['arrow030.png', 'arrow150.png'];['arrow210.png'];cero_refrescado;disc270;359;254;117;76;177;45;177;No
30;arrow030.png;arrow270.png;arrow030.png;arrow090.png;['arrow150.png', 'arrow210.png', 'arrow330.png'];['arrow270.png', 'arrow090.png'];['arrow030.png'];uno_refrescado;disc090;227;172;70;317;248;120;172;No
31;arrow090.png;arrow150.png;arrow270.png;arrow150.png;['arrow030.png', 'arrow210.png', 'arrow330.png'];['arrow090.png', 'arrow270.png'];['arrow150.png'];uno_refrescado;disc150;114;197;331;22;240;169;331;No
32;arrow030.png;arrow270.png;arrow030.png;arrow090.png;['arrow150.png', 'arrow210.png', 'arrow330.png'];['arrow270.png', 'arrow090.png'];['arrow030.png'];cero_refrescado;disc330;226;56;302;189;250;281;281;No
33;arrow270.png;arrow330.png;arrow270.png;arrow090.png;['arrow030.png', 'arrow150.png', 'arrow210.png'];['arrow330.png', 'arrow090.png'];['arrow270.png'];uno_refrescado;disc090;298;223;36;360;191;90;223;No
34;arrow090.png;arrow330.png;arrow090.png;arrow030.png;['arrow150.png', 'arrow210.png', 'arrow270.png'];['arrow330.png', 'arrow030.png'];['arrow090.png'];dos_refrescado;disc090;277;190;330;237;74;140;190;No
35;arrow030.png;arrow210.png;arrow330.png;arrow030.png;['arrow090.png', 'arrow150.png', 'arrow270.png'];['arrow210.png', 'arrow330.png'];['arrow030.png'];cero_refrescado;disc090;286;260;43;157;198;0;260;No
36;arrow210.png;arrow330.png;arrow210.png;arrow150.png;['arrow030.png', 'arrow090.png', 'arrow270.png'];['arrow330.png', 'arrow150.png'];['arrow210.png'];uno_refrescado;disc210;95;157;278;193;242;21;193;No
37;arrow030.png;arrow330.png;arrow270.png;arrow150.png;['arrow090.png', 'arrow210.png'];['arrow030.png', 'arrow330.png', 'arrow270.png', 'arrow150.png'];['non_existent'];uno_refrescado;disc270;318;252;279;181;28;0;28;No
38;arrow210.png;arrow150.png;arrow270.png;arrow090.png;['arrow030.png', 'arrow330.png'];['arrow210.png', 'arrow150.png', 'arrow270.png', 'arrow090.png'];['non_existent'];uno_refrescado;disc090;30;133;105;334;283;240;133;No
39;arrow150.png;arrow090.png;arrow210.png;arrow090.png;['arrow030.png', 'arrow270.png', 'arrow330.png'];['arrow150.png', 'arrow210.png'];['arrow090.png'];cero_refrescado;disc030;115;12;95;342;243;200;115;No
40;arrow150.png;arrow270.png;arrow150.png;arrow210.png;['arrow030.png', 'arrow090.png', 'arrow330.png'];['arrow270.png', 'arrow210.png'];['arrow150.png'];uno_refrescado;disc150;214;234;26;267;141;190;26;No
41;arrow210.png;arrow270.png;arrow330.png;arrow090.png;['arrow030.png', 'arrow150.png'];['arrow210.png', 'arrow270.png', 'arrow330.png', 'arrow090.png'];['non_existent'];uno_refrescado;disc330;81;50;165;313;203;5;5;No
42;arrow090.png;arrow330.png;arrow090.png;arrow030.png;['arrow150.png', 'arrow210.png', 'arrow270.png'];['arrow330.png', 'arrow030.png'];['arrow090.png'];dos_refrescado;disc090;244;35;10;110;166;143;35;No
43;arrow210.png;arrow150.png;arrow210.png;arrow150.png;['arrow030.png', 'arrow090.png', 'arrow270.png', 'arrow330.png'];['non_existent'];['arrow210.png', 'arrow150.png'];dos_refrescado;disc150;171;11;339;80;285;359;339;No
44;arrow210.png;arrow090.png;arrow210.png;arrow270.png;['arrow030.png', 'arrow150.png', 'arrow330.png'];['arrow090.png', 'arrow270.png'];['arrow210.png'];cero_refrescado;disc330;325;117;236;146;285;92;92;No
45;arrow030.png;arrow330.png;arrow270.png;arrow330.png;['arrow090.png', 'arrow150.png', 'arrow210.png'];['arrow030.png', 'arrow270.png'];['arrow330.png'];uno_refrescado;disc330;58;260;235;145;287;358;358;No
46;arrow330.png;arrow090.png;arrow330.png;arrow150.png;['arrow030.png', 'arrow210.png', 'arrow270.png'];['arrow090.png', 'arrow150.png'];['arrow330.png'];cero_refrescado;disc270;344;249;293;197;107;85;107;No
47;arrow330.png;arrow090.png;arrow030.png;arrow330.png;['arrow150.png', 'arrow210.png', 'arrow270.png'];['arrow090.png', 'arrow030.png'];['arrow330.png'];uno_refrescado;disc330;157;339;198;98;244;292;292;No
48;arrow210.png;arrow270.png;arrow210.png;arrow270.png;['arrow030.png', 'arrow090.png', 'arrow150.png', 'arrow330.png'];['non_existent'];['arrow210.png', 'arrow270.png'];cero_refrescado;disc150;63;194;244;123;353;172;244;No
49;arrow090.png;arrow330.png;arrow030.png;arrow090.png;['arrow150.png', 'arrow210.png', 'arrow270.png'];['arrow330.png', 'arrow030.png'];['arrow090.png'];cero_refrescado;disc270;25;83;121;319;150;356;150;No
50;arrow270.png;arrow150.png;arrow270.png;arrow210.png;['arrow030.png', 'arrow090.png', 'arrow330.png'];['arrow150.png', 'arrow210.png'];['arrow270.png'];dos_refrescado;disc270;166;307;213;35;76;358;76;No
51;arrow030.png;arrow330.png;arrow090.png;arrow150.png;['arrow210.png', 'arrow270.png'];['arrow030.png', 'arrow330.png', 'arrow090.png', 'arrow150.png'];['non_existent'];cero_refrescado;disc270;271;116;339;80;145;170;145;No
52;arrow270.png;arrow210.png;arrow330.png;arrow210.png;['arrow030.png', 'arrow090.png', 'arrow150.png'];['arrow270.png', 'arrow330.png'];['arrow210.png'];dos_refrescado;disc210;284;183;344;93;24;159;93;No
53;arrow210.png;arrow090.png;arrow030.png;arrow210.png;['arrow150.png', 'arrow270.png', 'arrow330.png'];['arrow090.png', 'arrow030.png'];['arrow210.png'];dos_refrescado;disc210;197;47;68;97;23;241;97;No
54;arrow150.png;arrow210.png;arrow090.png;arrow210.png;['arrow030.png', 'arrow270.png', 'arrow330.png'];['arrow150.png', 'arrow090.png'];['arrow210.png'];cero_refrescado;disc330;179;152;202;7;292;42;42;No
55;arrow270.png;arrow030.png;arrow090.png;arrow150.png;['arrow210.png', 'arrow330.png'];['arrow270.png', 'arrow030.png', 'arrow090.png', 'arrow150.png'];['non_existent'];uno_refrescado;disc150;237;311;30;79;130;165;30;No
56;arrow090.png;arrow030.png;arrow090.png;arrow030.png;['arrow150.png', 'arrow210.png', 'arrow270.png', 'arrow330.png'];['non_existent'];['arrow090.png', 'arrow030.png'];dos_refrescado;disc030;293;146;100;55;188;30;293;No
57;arrow150.png;arrow330.png;arrow210.png;arrow150.png;['arrow030.png', 'arrow090.png', 'arrow270.png'];['arrow330.png', 'arrow210.png'];['arrow150.png'];uno_refrescado;disc150;25;178;140;270;83;49;140;No
58;arrow030.png;arrow090.png;arrow330.png;arrow090.png;['arrow150.png', 'arrow210.png', 'arrow270.png'];['arrow030.png', 'arrow330.png'];['arrow090.png'];uno_refrescado;disc330;214;72;50;158;236;275;275;No
59;arrow330.png;arrow270.png;arrow330.png;arrow270.png;['arrow030.png', 'arrow090.png', 'arrow150.png', 'arrow210.png'];['non_existent'];['arrow330.png', 'arrow270.png'];cero_refrescado;disc090;160;66;109;192;321;354;66;No
60;arrow210.png;arrow270.png;arrow150.png;arrow270.png;['arrow030.png', 'arrow090.png', 'arrow330.png'];['arrow210.png', 'arrow150.png'];['arrow270.png'];dos_refrescado;disc270;6;336;210;173;296;152;296;No
61;arrow210.png;arrow030.png;arrow210.png;arrow030.png;['arrow090.png', 'arrow150.png', 'arrow270.png', 'arrow330.png'];['non_existent'];['arrow210.png', 'arrow030.png'];cero_refrescado;disc090;94;11;152;202;249;315;11;No
62;arrow150.png;arrow330.png;arrow150.png;arrow030.png;['arrow090.png', 'arrow210.png', 'arrow270.png'];['arrow330.png', 'arrow030.png'];['arrow150.png'];dos_refrescado;disc150;19;103;246;350;185;130;246;No
63;arrow150.png;arrow330.png;arrow210.png;arrow270.png;['arrow030.png', 'arrow090.png'];['arrow150.png', 'arrow330.png', 'arrow210.png', 'arrow270.png'];['non_existent'];cero_refrescado;disc090;89;346;56;196;324;219;346;No
64;arrow090.png;arrow210.png;arrow270.png;arrow210.png;['arrow030.png', 'arrow150.png', 'arrow330.png'];['arrow090.png', 'arrow270.png'];['arrow210.png'];uno_refrescado;disc270;27;260;339;300;144;175;144;No
65;arrow090.png;arrow270.png;arrow090.png;arrow270.png;['arrow030.png', 'arrow150.png', 'arrow210.png', 'arrow330.png'];['non_existent'];['arrow090.png', 'arrow270.png'];cero_refrescado;disc330;146;288;246;97;194;328;328;No
66;arrow330.png;arrow270.png;arrow210.png;arrow090.png;['arrow030.png', 'arrow150.png'];['arrow330.png', 'arrow270.png', 'arrow210.png', 'arrow090.png'];['non_existent'];cero_refrescado;disc030;104;207;289;147;319;230;104;No
67;arrow030.png;arrow090.png;arrow030.png;arrow090.png;['arrow150.png', 'arrow210.png', 'arrow270.png', 'arrow330.png'];['non_existent'];['arrow030.png', 'arrow090.png'];cero_refrescado;disc270;176;221;131;106;71;289;71;No
68;arrow090.png;arrow210.png;arrow090.png;arrow330.png;['arrow030.png', 'arrow150.png', 'arrow270.png'];['arrow210.png', 'arrow330.png'];['arrow090.png'];uno_refrescado;disc090;68;224;288;347;96;5;224;No
69;arrow090.png;arrow210.png;arrow030.png;arrow270.png;['arrow150.png', 'arrow330.png'];['arrow090.png', 'arrow210.png', 'arrow030.png', 'arrow270.png'];['non_existent'];uno_refrescado;disc030;166;231;357;90;287;49;166;No
70;arrow270.png;arrow090.png;arrow270.png;arrow330.png;['arrow030.png', 'arrow150.png', 'arrow210.png'];['arrow090.png', 'arrow330.png'];['arrow270.png'];uno_refrescado;disc330;346;19;305;134;229;48;48;No
71;arrow150.png;arrow030.png;arrow150.png;arrow270.png;['arrow090.png', 'arrow210.png', 'arrow330.png'];['arrow030.png', 'arrow270.png'];['arrow150.png'];cero_refrescado;disc210;213;246;13;180;124;63;180;No
72;arrow210.png;arrow030.png;arrow210.png;arrow030.png;['arrow090.png', 'arrow150.png', 'arrow270.png', 'arrow330.png'];['non_existent'];['arrow210.png', 'arrow030.png'];cero_refrescado;disc150;267;138;222;184;82;333;222;No
73;arrow270.png;arrow030.png;arrow150.png;arrow270.png;['arrow090.png', 'arrow210.png', 'arrow330.png'];['arrow030.png', 'arrow150.png'];['arrow270.png'];uno_refrescado;disc150;155;54;263;243;210;21;263;No
74;arrow090.png;arrow030.png;arrow330.png;arrow210.png;['arrow150.png', 'arrow270.png'];['arrow090.png', 'arrow030.png', 'arrow330.png', 'arrow210.png'];['non_existent'];uno_refrescado;disc210;68;31;113;177;304;220;177;No
75;arrow330.png;arrow030.png;arrow090.png;arrow330.png;['arrow150.png', 'arrow210.png', 'arrow270.png'];['arrow030.png', 'arrow090.png'];['arrow330.png'];cero_refrescado;disc210;305;95;266;204;350;67;204;No
76;arrow210.png;arrow030.png;arrow210.png;arrow030.png;['arrow090.png', 'arrow150.png', 'arrow270.png', 'arrow330.png'];['non_existent'];['arrow210.png', 'arrow030.png'];cero_refrescado;disc270;74;212;270;45;323;355;323;No
77;arrow030.png;arrow270.png;arrow210.png;arrow270.png;['arrow090.png', 'arrow150.png', 'arrow330.png'];['arrow030.png', 'arrow210.png'];['arrow270.png'];dos_refrescado;disc270;156;93;306;193;348;11;348;No
78;arrow030.png;arrow270.png;arrow030.png;arrow090.png;['arrow150.png', 'arrow210.png', 'arrow330.png'];['arrow270.png', 'arrow090.png'];['arrow030.png'];uno_refrescado;disc030;28;107;204;344;163;51;28;No
79;arrow330.png;arrow270.png;arrow030.png;arrow210.png;['arrow090.png', 'arrow150.png'];['arrow330.png', 'arrow270.png', 'arrow030.png', 'arrow210.png'];['non_existent'];uno_refrescado;disc210;18;324;149;177;279;42;177;No
80;arrow270.png;arrow330.png;arrow150.png;arrow270.png;['arrow030.png', 'arrow090.png', 'arrow210.png'];['arrow330.png', 'arrow150.png'];['arrow270.png'];cero_refrescado;disc030;326;147;127;306;84;28;326;No
81;arrow330.png;arrow030.png;arrow330.png;arrow030.png;['arrow090.png', 'arrow150.png', 'arrow210.png', 'arrow270.png'];['non_existent'];['arrow330.png', 'arrow030.png'];cero_refrescado;disc210;108;7;176;237;263;217;237;No
82;arrow030.png;arrow270.png;arrow030.png;arrow330.png;['arrow090.png', 'arrow150.png', 'arrow210.png'];['arrow270.png', 'arrow330.png'];['arrow030.png'];uno_refrescado;disc330;269;187;315;2;239;62;62;No
83;arrow150.png;arrow030.png;arrow150.png;arrow030.png;['arrow090.png', 'arrow210.png', 'arrow270.png', 'arrow330.png'];['non_existent'];['arrow150.png', 'arrow030.png'];cero_refrescado;disc330;225;314;64;2;287;266;266;No
84;arrow030.png;arrow150.png;arrow090.png;arrow150.png;['arrow210.png', 'arrow270.png', 'arrow330.png'];['arrow030.png', 'arrow090.png'];['arrow150.png'];cero_refrescado;disc210;136;311;254;113;58;231;113;No
85;arrow150.png;arrow270.png;arrow090.png;arrow270.png;['arrow030.png', 'arrow210.png', 'arrow330.png'];['arrow150.png', 'arrow090.png'];['arrow270.png'];cero_refrescado;disc330;158;245;273;106;135;86;86;No
86;arrow270.png;arrow150.png;arrow270.png;arrow150.png;['arrow030.png', 'arrow090.png', 'arrow210.png', 'arrow330.png'];['non_existent'];['arrow270.png', 'arrow150.png'];dos_refrescado;disc270;348;74;258;138;191;40;191;No
87;arrow150.png;arrow270.png;arrow090.png;arrow210.png;['arrow030.png', 'arrow330.png'];['arrow150.png', 'arrow270.png', 'arrow090.png', 'arrow210.png'];['non_existent'];cero_refrescado;disc030;293;16;173;36;317;100;293;No
88;arrow210.png;arrow090.png;arrow210.png;arrow090.png;['arrow030.png', 'arrow150.png', 'arrow270.png', 'arrow330.png'];['non_existent'];['arrow210.png', 'arrow090.png'];cero_refrescado;disc150;23;283;315;244;177;142;315;No
89;arrow270.png;arrow090.png;arrow270.png;arrow090.png;['arrow030.png', 'arrow150.png', 'arrow210.png', 'arrow330.png'];['non_existent'];['arrow270.png', 'arrow090.png'];dos_refrescado;disc090;14;121;168;358;225;42;121;No
90;arrow270.png;arrow090.png;arrow270.png;arrow030.png;['arrow150.png', 'arrow210.png', 'arrow330.png'];['arrow090.png', 'arrow030.png'];['arrow270.png'];uno_refrescado;disc030;175;304;266;73;125;223;175;No
91;arrow270.png;arrow090.png;arrow150.png;arrow090.png;['arrow030.png', 'arrow210.png', 'arrow330.png'];['arrow270.png', 'arrow150.png'];['arrow090.png'];dos_refrescado;disc090;353;18;288;201;53;93;18;No
92;arrow210.png;arrow270.png;arrow210.png;arrow150.png;['arrow030.png', 'arrow090.png', 'arrow330.png'];['arrow270.png', 'arrow150.png'];['arrow210.png'];uno_refrescado;disc210;334;224;295;29;67;260;29;No
93;arrow030.png;arrow270.png;arrow150.png;arrow030.png;['arrow090.png', 'arrow210.png', 'arrow330.png'];['arrow270.png', 'arrow150.png'];['arrow030.png'];dos_refrescado;disc030;20;152;173;62;324;199;20;No
94;arrow090.png;arrow210.png;arrow090.png;arrow210.png;['arrow030.png', 'arrow150.png', 'arrow270.png', 'arrow330.png'];['non_existent'];['arrow090.png', 'arrow210.png'];dos_refrescado;disc090;215;189;161;338;247;39;189;No
95;arrow210.png;arrow330.png;arrow030.png;arrow150.png;['arrow090.png', 'arrow270.png'];['arrow210.png', 'arrow330.png', 'arrow030.png', 'arrow150.png'];['non_existent'];cero_refrescado;disc090;18;58;173;207;241;346;58;No
96;arrow270.png;arrow210.png;arrow330.png;arrow090.png;['arrow030.png', 'arrow150.png'];['arrow270.png', 'arrow210.png', 'arrow330.png', 'arrow090.png'];['non_existent'];cero_refrescado;disc150;313;155;191;230;272;128;191;No
97;arrow210.png;arrow150.png;arrow210.png;arrow150.png;['arrow030.png', 'arrow090.png', 'arrow270.png', 'arrow330.png'];['non_existent'];['arrow210.png', 'arrow150.png'];cero_refrescado;disc270;32;187;347;147;99;241;99;No
98;arrow330.png;arrow210.png;arrow090.png;arrow150.png;['arrow030.png', 'arrow270.png'];['arrow330.png', 'arrow210.png', 'arrow090.png', 'arrow150.png'];['non_existent'];cero_refrescado;disc270;263;48;360;24;299;116;299;No
99;arrow030.png;arrow330.png;arrow150.png;arrow330.png;['arrow090.png', 'arrow210.png', 'arrow270.png'];['arrow030.png', 'arrow150.png'];['arrow330.png'];cero_refrescado;disc090;309;27;337;185;214;253;27;No
100;arrow090.png;arrow210.png;arrow330.png;arrow090.png;['arrow030.png', 'arrow150.png', 'arrow270.png'];['arrow210.png', 'arrow330.png'];['arrow090.png'];cero_refrescado;disc030;303;327;263;229;148;357;303;No
101;arrow210.png;arrow030.png;arrow210.png;arrow090.png;['arrow150.png', 'arrow270.png', 'arrow330.png'];['arrow030.png', 'arrow090.png'];['arrow210.png'];cero_refrescado;disc150;189;295;14;245;43;91;14;No
102;arrow330.png;arrow090.png;arrow330.png;arrow030.png;['arrow150.png', 'arrow210.png', 'arrow270.png'];['arrow090.png', 'arrow030.png'];['arrow330.png'];uno_refrescado;disc030;306;275;241;28;58;168;306;No
103;arrow030.png;arrow210.png;arrow330.png;arrow150.png;['arrow090.png', 'arrow270.png'];['arrow030.png', 'arrow210.png', 'arrow330.png', 'arrow150.png'];['non_existent'];uno_refrescado;disc150;186;339;246;56;84;158;246;No
104;arrow090.png;arrow150.png;arrow030.png;arrow090.png;['arrow210.png', 'arrow270.png', 'arrow330.png'];['arrow150.png', 'arrow030.png'];['arrow090.png'];dos_refrescado;disc090;347;19;208;160;229;111;19;No
105;arrow150.png;arrow330.png;arrow270.png;arrow090.png;['arrow030.png', 'arrow210.png'];['arrow150.png', 'arrow330.png', 'arrow270.png', 'arrow090.png'];['non_existent'];uno_refrescado;disc270;273;249;101;301;174;327;174;No
106;arrow330.png;arrow210.png;arrow330.png;arrow030.png;['arrow090.png', 'arrow150.png', 'arrow270.png'];['arrow210.png', 'arrow030.png'];['arrow330.png'];cero_refrescado;disc150;139;160;230;289;35;209;230;No
107;arrow210.png;arrow330.png;arrow090.png;arrow210.png;['arrow030.png', 'arrow150.png', 'arrow270.png'];['arrow330.png', 'arrow090.png'];['arrow210.png'];dos_refrescado;disc210;234;63;131;301;27;361;301;No
108;arrow030.png;arrow090.png;arrow330.png;arrow090.png;['arrow150.png', 'arrow210.png', 'arrow270.png'];['arrow030.png', 'arrow330.png'];['arrow090.png'];cero_refrescado;disc150;263;159;6;202;55;83;6;No
109;arrow210.png;arrow030.png;arrow150.png;arrow270.png;['arrow090.png', 'arrow330.png'];['arrow210.png', 'arrow030.png', 'arrow150.png', 'arrow270.png'];['non_existent'];uno_refrescado;disc270;256;306;26;329;162;120;162;No
110;arrow150.png;arrow210.png;arrow270.png;arrow330.png;['arrow030.png', 'arrow090.png'];['arrow150.png', 'arrow210.png', 'arrow270.png', 'arrow330.png'];['non_existent'];cero_refrescado;disc090;29;110;248;165;4;294;110;No
111;arrow030.png;arrow150.png;arrow030.png;arrow090.png;['arrow210.png', 'arrow270.png', 'arrow330.png'];['arrow150.png', 'arrow090.png'];['arrow030.png'];cero_refrescado;disc270;320;127;289;74;24;50;24;No
112;arrow150.png;arrow030.png;arrow090.png;arrow150.png;['arrow210.png', 'arrow270.png', 'arrow330.png'];['arrow030.png', 'arrow090.png'];['arrow150.png'];dos_refrescado;disc150;56;170;98;204;353;28;98;No
113;arrow090.png;arrow210.png;arrow270.png;arrow210.png;['arrow030.png', 'arrow150.png', 'arrow330.png'];['arrow090.png', 'arrow270.png'];['arrow210.png'];dos_refrescado;disc210;150;32;94;242;293;324;242;No
114;arrow030.png;arrow090.png;arrow030.png;arrow090.png;['arrow150.png', 'arrow210.png', 'arrow270.png', 'arrow330.png'];['non_existent'];['arrow030.png', 'arrow090.png'];dos_refrescado;disc030;326;184;2;35;297;239;326;No
115;arrow210.png;arrow090.png;arrow030.png;arrow210.png;['arrow150.png', 'arrow270.png', 'arrow330.png'];['arrow090.png', 'arrow030.png'];['arrow210.png'];dos_refrescado;disc210;102;197;270;41;19;312;41;No
116;arrow090.png;arrow330.png;arrow090.png;arrow030.png;['arrow150.png', 'arrow210.png', 'arrow270.png'];['arrow330.png', 'arrow030.png'];['arrow090.png'];cero_refrescado;disc210;100;154;286;343;249;190;343;No
117;arrow090.png;arrow330.png;arrow090.png;arrow330.png;['arrow030.png', 'arrow150.png', 'arrow210.png', 'arrow270.png'];['non_existent'];['arrow090.png', 'arrow330.png'];cero_refrescado;disc210;280;247;343;8;45;311;8;No
118;arrow330.png;arrow210.png;arrow330.png;arrow150.png;['arrow030.png', 'arrow090.png', 'arrow270.png'];['arrow210.png', 'arrow150.png'];['arrow330.png'];dos_refrescado;disc330;25;182;134;269;225;5;5;No
119;arrow270.png;arrow210.png;arrow150.png;arrow210.png;['arrow030.png', 'arrow090.png', 'arrow330.png'];['arrow270.png', 'arrow150.png'];['arrow210.png'];dos_refrescado;disc210;277;38;141;255;14;115;255;No
120;arrow090.png;arrow030.png;arrow090.png;arrow030.png;['arrow150.png', 'arrow210.png', 'arrow270.png', 'arrow330.png'];['non_existent'];['arrow090.png', 'arrow030.png'];dos_refrescado;disc030;103;19;248;149;273;191;103;No
121;arrow090.png;arrow210.png;arrow150.png;arrow090.png;['arrow030.png', 'arrow270.png', 'arrow330.png'];['arrow210.png', 'arrow150.png'];['arrow090.png'];uno_refrescado;disc150;361;132;251;196;38;292;251;No
122;arrow150.png;arrow090.png;arrow210.png;arrow270.png;['arrow030.png', 'arrow330.png'];['arrow150.png', 'arrow090.png', 'arrow210.png', 'arrow270.png'];['non_existent'];cero_refrescado;disc330;80;352;315;18;46;128;128;No
123;arrow030.png;arrow270.png;arrow090.png;arrow030.png;['arrow150.png', 'arrow210.png', 'arrow330.png'];['arrow270.png', 'arrow090.png'];['arrow030.png'];cero_refrescado;disc210;346;197;33;308;222;286;308;No
124;arrow030.png;arrow210.png;arrow270.png;arrow150.png;['arrow090.png', 'arrow330.png'];['arrow030.png', 'arrow210.png', 'arrow270.png', 'arrow150.png'];['non_existent'];uno_refrescado;disc150;263;188;302;211;104;138;302;No
125;arrow270.png;arrow090.png;arrow150.png;arrow090.png;['arrow030.png', 'arrow210.png', 'arrow330.png'];['arrow270.png', 'arrow150.png'];['arrow090.png'];uno_refrescado;disc090;265;99;218;162;50;304;99;No
126;arrow330.png;arrow270.png;arrow330.png;arrow030.png;['arrow090.png', 'arrow150.png', 'arrow210.png'];['arrow270.png', 'arrow030.png'];['arrow330.png'];dos_refrescado;disc330;255;17;201;122;150;37;37;No
127;arrow330.png;arrow090.png;arrow210.png;arrow090.png;['arrow030.png', 'arrow150.png', 'arrow270.png'];['arrow330.png', 'arrow210.png'];['arrow090.png'];uno_refrescado;disc210;339;198;312;33;234;284;33;No
128;arrow270.png;arrow210.png;arrow030.png;arrow270.png;['arrow090.png', 'arrow150.png', 'arrow330.png'];['arrow210.png', 'arrow030.png'];['arrow270.png'];uno_refrescado;disc270;109;274;155;207;175;244;175;No
129;arrow270.png;arrow330.png;arrow270.png;arrow090.png;['arrow030.png', 'arrow150.png', 'arrow210.png'];['arrow330.png', 'arrow090.png'];['arrow270.png'];dos_refrescado;disc270;226;318;248;67;355;90;355;No
130;arrow090.png;arrow210.png;arrow090.png;arrow210.png;['arrow030.png', 'arrow150.png', 'arrow270.png', 'arrow330.png'];['non_existent'];['arrow090.png', 'arrow210.png'];dos_refrescado;disc210;89;222;301;156;29;58;156;No
131;arrow270.png;arrow330.png;arrow090.png;arrow330.png;['arrow030.png', 'arrow150.png', 'arrow210.png'];['arrow270.png', 'arrow090.png'];['arrow330.png'];dos_refrescado;disc330;175;142;17;89;329;280;280;No
132;arrow330.png;arrow030.png;arrow210.png;arrow090.png;['arrow150.png', 'arrow270.png'];['arrow330.png', 'arrow030.png', 'arrow210.png', 'arrow090.png'];['non_existent'];cero_refrescado;disc270;83;244;176;359;17;57;17;No
133;arrow270.png;arrow150.png;arrow210.png;arrow270.png;['arrow030.png', 'arrow090.png', 'arrow330.png'];['arrow150.png', 'arrow210.png'];['arrow270.png'];uno_refrescado;disc210;328;181;217;113;26;255;113;No
134;arrow030.png;arrow330.png;arrow090.png;arrow330.png;['arrow150.png', 'arrow210.png', 'arrow270.png'];['arrow030.png', 'arrow090.png'];['arrow330.png'];dos_refrescado;disc330;22;307;112;269;197;330;330;No
135;arrow150.png;arrow330.png;arrow270.png;arrow090.png;['arrow030.png', 'arrow210.png'];['arrow150.png', 'arrow330.png', 'arrow270.png', 'arrow090.png'];['non_existent'];uno_refrescado;disc090;207;141;25;83;361;0;141;No
136;arrow270.png;arrow330.png;arrow270.png;arrow210.png;['arrow030.png', 'arrow090.png', 'arrow150.png'];['arrow330.png', 'arrow210.png'];['arrow270.png'];dos_refrescado;disc270;166;254;348;187;56;300;56;No
137;arrow090.png;arrow150.png;arrow270.png;arrow150.png;['arrow030.png', 'arrow210.png', 'arrow330.png'];['arrow090.png', 'arrow270.png'];['arrow150.png'];cero_refrescado;disc210;92;289;232;268;170;144;268;No
138;arrow330.png;arrow210.png;arrow330.png;arrow150.png;['arrow030.png', 'arrow090.png', 'arrow270.png'];['arrow210.png', 'arrow150.png'];['arrow330.png'];uno_refrescado;disc150;302;192;233;141;75;256;233;No
139;arrow030.png;arrow150.png;arrow090.png;arrow150.png;['arrow210.png', 'arrow270.png', 'arrow330.png'];['arrow030.png', 'arrow090.png'];['arrow150.png'];cero_refrescado;disc210;340;48;97;24;309;207;24;No
140;arrow330.png;arrow030.png;arrow150.png;arrow090.png;['arrow210.png', 'arrow270.png'];['arrow330.png', 'arrow030.png', 'arrow150.png', 'arrow090.png'];['non_existent'];cero_refrescado;disc210;19;205;163;94;140;50;94;No
141;arrow330.png;arrow210.png;arrow330.png;arrow210.png;['arrow030.png', 'arrow090.png', 'arrow150.png', 'arrow270.png'];['non_existent'];['arrow330.png', 'arrow210.png'];dos_refrescado;disc330;241;319;21;199;79;102;102;No
142;arrow150.png;arrow330.png;arrow090.png;arrow330.png;['arrow030.png', 'arrow210.png', 'arrow270.png'];['arrow150.png', 'arrow090.png'];['arrow330.png'];cero_refrescado;disc270;176;50;275;77;352;123;352;No
143;arrow270.png;arrow210.png;arrow270.png;arrow030.png;['arrow090.png', 'arrow150.png', 'arrow330.png'];['arrow210.png', 'arrow030.png'];['arrow270.png'];dos_refrescado;disc270;58;192;107;5;343;33;343;No
144;arrow270.png;arrow330.png;arrow270.png;arrow330.png;['arrow030.png', 'arrow090.png', 'arrow150.png', 'arrow210.png'];['non_existent'];['arrow270.png', 'arrow330.png'];cero_refrescado;disc150;272;69;156;192;245;21;156;No
145;arrow150.png;arrow030.png;arrow150.png;arrow090.png;['arrow210.png', 'arrow270.png', 'arrow330.png'];['arrow030.png', 'arrow090.png'];['arrow150.png'];cero_refrescado;disc210;301;85;268;200;19;45;200;No
146;arrow330.png;arrow090.png;arrow330.png;arrow090.png;['arrow030.png', 'arrow150.png', 'arrow210.png', 'arrow270.png'];['non_existent'];['arrow330.png', 'arrow090.png'];cero_refrescado;disc270;302;178;94;205;15;234;15;No
147;arrow330.png;arrow030.png;arrow150.png;arrow330.png;['arrow090.png', 'arrow210.png', 'arrow270.png'];['arrow030.png', 'arrow150.png'];['arrow330.png'];dos_refrescado;disc330;237;330;63;209;149;99;99;No
148;arrow330.png;arrow090.png;arrow150.png;arrow090.png;['arrow030.png', 'arrow210.png', 'arrow270.png'];['arrow330.png', 'arrow150.png'];['arrow090.png'];uno_refrescado;disc090;333;207;32;95;229;150;207;No
149;arrow210.png;arrow090.png;arrow150.png;arrow030.png;['arrow270.png', 'arrow330.png'];['arrow210.png', 'arrow090.png', 'arrow150.png', 'arrow030.png'];['non_existent'];cero_refrescado;disc270;79;117;157;207;310;237;310;No
150;arrow210.png;arrow270.png;arrow330.png;arrow270.png;['arrow030.png', 'arrow090.png', 'arrow150.png'];['arrow210.png', 'arrow330.png'];['arrow270.png'];cero_refrescado;disc090;229;31;357;115;249;274;31;No
151;arrow210.png;arrow270.png;arrow330.png;arrow090.png;['arrow030.png', 'arrow150.png'];['arrow210.png', 'arrow270.png', 'arrow330.png', 'arrow090.png'];['non_existent'];uno_refrescado;disc330;295;59;266;8;87;141;141;No
152;arrow330.png;arrow030.png;arrow330.png;arrow030.png;['arrow090.png', 'arrow150.png', 'arrow210.png', 'arrow270.png'];['non_existent'];['arrow330.png', 'arrow030.png'];cero_refrescado;disc090;44;335;224;356;175;267;335;No
153;arrow270.png;arrow090.png;arrow270.png;arrow090.png;['arrow030.png', 'arrow150.png', 'arrow210.png', 'arrow330.png'];['non_existent'];['arrow270.png', 'arrow090.png'];cero_refrescado;disc210;49;190;305;113;227;18;113;No
154;arrow030.png;arrow330.png;arrow030.png;arrow270.png;['arrow090.png', 'arrow150.png', 'arrow210.png'];['arrow330.png', 'arrow270.png'];['arrow030.png'];cero_refrescado;disc090;56;294;140;342;88;10;294;No
155;arrow030.png;arrow090.png;arrow150.png;arrow030.png;['arrow210.png', 'arrow270.png', 'arrow330.png'];['arrow090.png', 'arrow150.png'];['arrow030.png'];uno_refrescado;disc150;287;134;242;91;360;7;242;No
156;arrow210.png;arrow090.png;arrow210.png;arrow150.png;['arrow030.png', 'arrow270.png', 'arrow330.png'];['arrow090.png', 'arrow150.png'];['arrow210.png'];dos_refrescado;disc210;272;358;111;56;251;309;56;No
157;arrow090.png;arrow270.png;arrow210.png;arrow090.png;['arrow030.png', 'arrow150.png', 'arrow330.png'];['arrow270.png', 'arrow210.png'];['arrow090.png'];cero_refrescado;disc030;281;17;355;229;163;118;281;No
158;arrow030.png;arrow270.png;arrow150.png;arrow270.png;['arrow090.png', 'arrow210.png', 'arrow330.png'];['arrow030.png', 'arrow150.png'];['arrow270.png'];dos_refrescado;disc270;62;278;243;105;322;139;322;No
159;arrow210.png;arrow090.png;arrow270.png;arrow330.png;['arrow030.png', 'arrow150.png'];['arrow210.png', 'arrow090.png', 'arrow270.png', 'arrow330.png'];['non_existent'];cero_refrescado;disc150;320;68;292;340;213;137;292;No
160;arrow330.png;arrow270.png;arrow330.png;arrow270.png;['arrow030.png', 'arrow090.png', 'arrow150.png', 'arrow210.png'];['non_existent'];['arrow330.png', 'arrow270.png'];dos_refrescado;disc270;224;143;334;34;109;252;109;No
161;arrow150.png;arrow090.png;arrow210.png;arrow330.png;['arrow030.png', 'arrow270.png'];['arrow150.png', 'arrow090.png', 'arrow210.png', 'arrow330.png'];['non_existent'];cero_refrescado;disc030;138;107;269;12;317;195;138;No
162;arrow150.png;arrow210.png;arrow030.png;arrow150.png;['arrow090.png', 'arrow270.png', 'arrow330.png'];['arrow210.png', 'arrow030.png'];['arrow150.png'];cero_refrescado;disc270;5;357;159;272;99;218;99;No
163;arrow270.png;arrow150.png;arrow210.png;arrow090.png;['arrow030.png', 'arrow330.png'];['arrow270.png', 'arrow150.png', 'arrow210.png', 'arrow090.png'];['non_existent'];cero_refrescado;disc330;168;245;118;0;57;141;141;No
164;arrow150.png;arrow270.png;arrow150.png;arrow270.png;['arrow030.png', 'arrow090.png', 'arrow210.png', 'arrow330.png'];['non_existent'];['arrow150.png', 'arrow270.png'];cero_refrescado;disc210;147;325;96;125;277;190;125;No
165;arrow330.png;arrow210.png;arrow150.png;arrow030.png;['arrow090.png', 'arrow270.png'];['arrow330.png', 'arrow210.png', 'arrow150.png', 'arrow030.png'];['non_existent'];cero_refrescado;disc270;247;93;172;4;281;59;281;No
166;arrow090.png;arrow150.png;arrow090.png;arrow150.png;['arrow030.png', 'arrow210.png', 'arrow270.png', 'arrow330.png'];['non_existent'];['arrow090.png', 'arrow150.png'];cero_refrescado;disc030;144;120;31;273;345;179;144;No
167;arrow090.png;arrow270.png;arrow090.png;arrow270.png;['arrow030.png', 'arrow150.png', 'arrow210.png', 'arrow330.png'];['non_existent'];['arrow090.png', 'arrow270.png'];cero_refrescado;disc150;100;337;248;126;288;206;248;No
168;arrow090.png;arrow030.png;arrow090.png;arrow030.png;['arrow150.png', 'arrow210.png', 'arrow270.png', 'arrow330.png'];['non_existent'];['arrow090.png', 'arrow030.png'];dos_refrescado;disc090;118;72;214;315;289;39;72;No
169;arrow210.png;arrow330.png;arrow210.png;arrow330.png;['arrow030.png', 'arrow090.png', 'arrow150.png', 'arrow270.png'];['non_existent'];['arrow210.png', 'arrow330.png'];dos_refrescado;disc330;125;63;162;91;25;297;297;No
170;arrow330.png;arrow090.png;arrow330.png;arrow150.png;['arrow030.png', 'arrow210.png', 'arrow270.png'];['arrow090.png', 'arrow150.png'];['arrow330.png'];uno_refrescado;disc330;74;255;309;105;340;217;217;No
171;arrow330.png;arrow030.png;arrow090.png;arrow030.png;['arrow150.png', 'arrow210.png', 'arrow270.png'];['arrow330.png', 'arrow090.png'];['arrow030.png'];cero_refrescado;disc150;158;190;295;28;326;133;295;No
172;arrow090.png;arrow270.png;arrow090.png;arrow270.png;['arrow030.png', 'arrow150.png', 'arrow210.png', 'arrow330.png'];['non_existent'];['arrow090.png', 'arrow270.png'];dos_refrescado;disc090;354;324;210;36;2;303;324;No
173;arrow150.png;arrow090.png;arrow210.png;arrow270.png;['arrow030.png', 'arrow330.png'];['arrow150.png', 'arrow090.png', 'arrow210.png', 'arrow270.png'];['non_existent'];cero_refrescado;disc030;176;114;322;348;223;37;176;No
174;arrow270.png;arrow090.png;arrow150.png;arrow090.png;['arrow030.png', 'arrow210.png', 'arrow330.png'];['arrow270.png', 'arrow150.png'];['arrow090.png'];dos_refrescado;disc090;108;239;308;356;157;213;239;No
175;arrow330.png;arrow150.png;arrow090.png;arrow330.png;['arrow030.png', 'arrow210.png', 'arrow270.png'];['arrow150.png', 'arrow090.png'];['arrow330.png'];cero_refrescado;disc030;357;324;192;63;25;160;357;No
176;arrow270.png;arrow090.png;arrow270.png;arrow330.png;['arrow030.png', 'arrow150.png', 'arrow210.png'];['arrow090.png', 'arrow330.png'];['arrow270.png'];cero_refrescado;disc150;271;32;339;314;122;181;339;No
177;arrow090.png;arrow150.png;arrow330.png;arrow210.png;['arrow030.png', 'arrow270.png'];['arrow090.png', 'arrow150.png', 'arrow330.png', 'arrow210.png'];['non_existent'];cero_refrescado;disc270;177;281;141;96;11;240;11;No
178;arrow150.png;arrow210.png;arrow270.png;arrow150.png;['arrow030.png', 'arrow090.png', 'arrow330.png'];['arrow210.png', 'arrow270.png'];['arrow150.png'];cero_refrescado;disc090;100;75;184;333;296;47;75;No
179;arrow270.png;arrow030.png;arrow090.png;arrow270.png;['arrow150.png', 'arrow210.png', 'arrow330.png'];['arrow030.png', 'arrow090.png'];['arrow270.png'];dos_refrescado;disc270;190;139;310;238;331;105;331;No
180;arrow030.png;arrow090.png;arrow030.png;arrow150.png;['arrow210.png', 'arrow270.png', 'arrow330.png'];['arrow090.png', 'arrow150.png'];['arrow030.png'];uno_refrescado;disc030;140;316;5;358;277;38;140;No
181;arrow270.png;arrow330.png;arrow030.png;arrow330.png;['arrow090.png', 'arrow150.png', 'arrow210.png'];['arrow270.png', 'arrow030.png'];['arrow330.png'];dos_refrescado;disc330;124;175;2;53;264;205;205;No
182;arrow150.png;arrow270.png;arrow150.png;arrow210.png;['arrow030.png', 'arrow090.png', 'arrow330.png'];['arrow270.png', 'arrow210.png'];['arrow150.png'];dos_refrescado;disc150;216;35;193;3;258;318;193;No
183;arrow210.png;arrow330.png;arrow150.png;arrow090.png;['arrow030.png', 'arrow270.png'];['arrow210.png', 'arrow330.png', 'arrow150.png', 'arrow090.png'];['non_existent'];cero_refrescado;disc270;257;83;118;63;5;29;5;No
184;arrow030.png;arrow150.png;arrow270.png;arrow030.png;['arrow090.png', 'arrow210.png', 'arrow330.png'];['arrow150.png', 'arrow270.png'];['arrow030.png'];cero_refrescado;disc330;1;276;96;319;62;182;182;No
185;arrow090.png;arrow330.png;arrow150.png;arrow270.png;['arrow030.png', 'arrow210.png'];['arrow090.png', 'arrow330.png', 'arrow150.png', 'arrow270.png'];['non_existent'];uno_refrescado;disc270;264;146;55;179;328;9;328;No
186;arrow270.png;arrow030.png;arrow210.png;arrow330.png;['arrow090.png', 'arrow150.png'];['arrow270.png', 'arrow030.png', 'arrow210.png', 'arrow330.png'];['non_existent'];cero_refrescado;disc090;281;315;153;110;178;253;315;No
187;arrow270.png;arrow090.png;arrow030.png;arrow270.png;['arrow150.png', 'arrow210.png', 'arrow330.png'];['arrow090.png', 'arrow030.png'];['arrow270.png'];cero_refrescado;disc330;183;154;130;100;270;52;52;No
188;arrow210.png;arrow150.png;arrow030.png;arrow150.png;['arrow090.png', 'arrow270.png', 'arrow330.png'];['arrow210.png', 'arrow030.png'];['arrow150.png'];uno_refrescado;disc150;118;14;77;307;55;212;77;No
189;arrow210.png;arrow330.png;arrow210.png;arrow030.png;['arrow090.png', 'arrow150.png', 'arrow270.png'];['arrow330.png', 'arrow030.png'];['arrow210.png'];cero_refrescado;disc150;76;277;236;334;123;50;236;No
190;arrow030.png;arrow150.png;arrow270.png;arrow150.png;['arrow090.png', 'arrow210.png', 'arrow330.png'];['arrow030.png', 'arrow270.png'];['arrow150.png'];uno_refrescado;disc150;306;107;177;345;128;157;177;No
191;arrow210.png;arrow150.png;arrow030.png;arrow210.png;['arrow090.png', 'arrow270.png', 'arrow330.png'];['arrow150.png', 'arrow030.png'];['arrow210.png'];dos_refrescado;disc210;165;259;129;40;1;216;40;No
192;arrow330.png;arrow270.png;arrow150.png;arrow090.png;['arrow030.png', 'arrow210.png'];['arrow330.png', 'arrow270.png', 'arrow150.png', 'arrow090.png'];['non_existent'];uno_refrescado;disc150;331;250;52;289;85;202;52;No
193;arrow270.png;arrow210.png;arrow270.png;arrow330.png;['arrow030.png', 'arrow090.png', 'arrow150.png'];['arrow210.png', 'arrow330.png'];['arrow270.png'];uno_refrescado;disc270;351;65;14;118;209;301;209;No
194;arrow090.png;arrow150.png;arrow090.png;arrow330.png;['arrow030.png', 'arrow210.png', 'arrow270.png'];['arrow150.png', 'arrow330.png'];['arrow090.png'];cero_refrescado;disc270;359;82;295;56;184;320;184;No
195;arrow210.png;arrow150.png;arrow330.png;arrow150.png;['arrow030.png', 'arrow090.png', 'arrow270.png'];['arrow210.png', 'arrow330.png'];['arrow150.png'];cero_refrescado;disc030;226;56;335;196;124;254;226;No
196;arrow150.png;arrow210.png;arrow150.png;arrow330.png;['arrow030.png', 'arrow090.png', 'arrow270.png'];['arrow210.png', 'arrow330.png'];['arrow150.png'];cero_refrescado;disc090;29;134;263;209;65;180;134;No
197;arrow270.png;arrow090.png;arrow150.png;arrow270.png;['arrow030.png', 'arrow210.png', 'arrow330.png'];['arrow090.png', 'arrow150.png'];['arrow270.png'];cero_refrescado;disc330;108;253;224;317;54;294;294;No
198;arrow090.png;arrow030.png;arrow210.png;arrow090.png;['arrow150.png', 'arrow270.png', 'arrow330.png'];['arrow030.png', 'arrow210.png'];['arrow090.png'];cero_refrescado;disc270;307;147;361;66;116;218;116;No
199;arrow150.png;arrow210.png;arrow150.png;arrow210.png;['arrow030.png', 'arrow090.png', 'arrow270.png', 'arrow330.png'];['non_existent'];['arrow150.png', 'arrow210.png'];cero_refrescado;disc030;66;324;273;153;241;181;66;No
200;arrow210.png;arrow150.png;arrow030.png;arrow330.png;['arrow090.png', 'arrow270.png'];['arrow210.png', 'arrow150.png', 'arrow030.png', 'arrow330.png'];['non_existent'];uno_refrescado;disc330;355;247;180;312;210;25;25;No
201;arrow330.png;arrow090.png;arrow330.png;arrow030.png;['arrow150.png', 'arrow210.png', 'arrow270.png'];['arrow090.png', 'arrow030.png'];['arrow330.png'];dos_refrescado;disc330;100;248;140;319;290;52;52;No
202;arrow090.png;arrow270.png;arrow210.png;arrow030.png;['arrow150.png', 'arrow330.png'];['arrow090.png', 'arrow270.png', 'arrow210.png', 'arrow030.png'];['non_existent'];uno_refrescado;disc210;270;324;294;225;57;246;225;No
203;arrow270.png;arrow090.png;arrow330.png;arrow090.png;['arrow030.png', 'arrow150.png', 'arrow210.png'];['arrow270.png', 'arrow330.png'];['arrow090.png'];cero_refrescado;disc210;25;329;278;255;359;220;255;No
204;arrow210.png;arrow270.png;arrow210.png;arrow150.png;['arrow030.png', 'arrow090.png', 'arrow330.png'];['arrow270.png', 'arrow150.png'];['arrow210.png'];dos_refrescado;disc210;17;164;129;53;243;188;53;No
205;arrow210.png;arrow090.png;arrow210.png;arrow090.png;['arrow030.png', 'arrow150.png', 'arrow270.png', 'arrow330.png'];['non_existent'];['arrow210.png', 'arrow090.png'];dos_refrescado;disc090;130;249;318;214;88;57;249;No
206;arrow090.png;arrow150.png;arrow030.png;arrow150.png;['arrow210.png', 'arrow270.png', 'arrow330.png'];['arrow090.png', 'arrow030.png'];['arrow150.png'];cero_refrescado;disc210;270;24;44;75;95;169;75;No
207;arrow210.png;arrow330.png;arrow210.png;arrow270.png;['arrow030.png', 'arrow090.png', 'arrow150.png'];['arrow330.png', 'arrow270.png'];['arrow210.png'];dos_refrescado;disc210;35;281;306;224;173;86;224;No
208;arrow150.png;arrow270.png;arrow030.png;arrow210.png;['arrow090.png', 'arrow330.png'];['arrow150.png', 'arrow270.png', 'arrow030.png', 'arrow210.png'];['non_existent'];uno_refrescado;disc030;301;176;119;210;71;244;301;No
209;arrow210.png;arrow270.png;arrow150.png;arrow270.png;['arrow030.png', 'arrow090.png', 'arrow330.png'];['arrow210.png', 'arrow150.png'];['arrow270.png'];dos_refrescado;disc270;279;343;164;240;58;7;58;No
210;arrow150.png;arrow030.png;arrow150.png;arrow330.png;['arrow090.png', 'arrow210.png', 'arrow270.png'];['arrow030.png', 'arrow330.png'];['arrow150.png'];cero_refrescado;disc270;350;200;242;267;133;32;133;No
211;arrow270.png;arrow330.png;arrow270.png;arrow330.png;['arrow030.png', 'arrow090.png', 'arrow150.png', 'arrow210.png'];['non_existent'];['arrow270.png', 'arrow330.png'];dos_refrescado;disc270;256;293;356;189;98;6;98;No
212;arrow330.png;arrow210.png;arrow150.png;arrow210.png;['arrow030.png', 'arrow090.png', 'arrow270.png'];['arrow330.png', 'arrow150.png'];['arrow210.png'];dos_refrescado;disc210;330;284;18;90;351;208;90;No
213;arrow150.png;arrow330.png;arrow270.png;arrow330.png;['arrow030.png', 'arrow090.png', 'arrow210.png'];['arrow150.png', 'arrow270.png'];['arrow330.png'];uno_refrescado;disc330;171;115;56;336;85;5;5;No
214;arrow150.png;arrow090.png;arrow150.png;arrow030.png;['arrow210.png', 'arrow270.png', 'arrow330.png'];['arrow090.png', 'arrow030.png'];['arrow150.png'];uno_refrescado;disc150;293;342;25;4;218;183;25;No
215;arrow270.png;arrow150.png;arrow210.png;arrow270.png;['arrow030.png', 'arrow090.png', 'arrow330.png'];['arrow150.png', 'arrow210.png'];['arrow270.png'];cero_refrescado;disc030;71;208;165;125;327;8;71;No
216;arrow330.png;arrow270.png;arrow210.png;arrow330.png;['arrow030.png', 'arrow090.png', 'arrow150.png'];['arrow270.png', 'arrow210.png'];['arrow330.png'];uno_refrescado;disc330;48;301;108;203;139;182;182;No
217;arrow150.png;arrow030.png;arrow090.png;arrow030.png;['arrow210.png', 'arrow270.png', 'arrow330.png'];['arrow150.png', 'arrow090.png'];['arrow030.png'];uno_refrescado;disc090;339;275;254;32;116;213;275;No
218;arrow150.png;arrow210.png;arrow090.png;arrow150.png;['arrow030.png', 'arrow270.png', 'arrow330.png'];['arrow210.png', 'arrow090.png'];['arrow150.png'];uno_refrescado;disc150;231;179;58;34;89;145;58;No
219;arrow090.png;arrow030.png;arrow330.png;arrow210.png;['arrow150.png', 'arrow270.png'];['arrow090.png', 'arrow030.png', 'arrow330.png', 'arrow210.png'];['non_existent'];cero_refrescado;disc270;257;179;43;210;310;107;310;No
220;arrow330.png;arrow090.png;arrow330.png;arrow270.png;['arrow030.png', 'arrow150.png', 'arrow210.png'];['arrow090.png', 'arrow270.png'];['arrow330.png'];uno_refrescado;disc270;45;176;232;274;138;302;138;No
221;arrow270.png;arrow090.png;arrow330.png;arrow150.png;['arrow030.png', 'arrow210.png'];['arrow270.png', 'arrow090.png', 'arrow330.png', 'arrow150.png'];['non_existent'];uno_refrescado;disc150;305;69;28;237;90;276;28;No
222;arrow090.png;arrow270.png;arrow150.png;arrow330.png;['arrow030.png', 'arrow210.png'];['arrow090.png', 'arrow270.png', 'arrow150.png', 'arrow330.png'];['non_existent'];uno_refrescado;disc330;281;32;141;103;303;239;239;No
223;arrow270.png;arrow090.png;arrow150.png;arrow090.png;['arrow030.png', 'arrow210.png', 'arrow330.png'];['arrow270.png', 'arrow150.png'];['arrow090.png'];dos_refrescado;disc090;348;306;3;251;282;31;306;No
224;arrow330.png;arrow210.png;arrow150.png;arrow330.png;['arrow030.png', 'arrow090.png', 'arrow270.png'];['arrow210.png', 'arrow150.png'];['arrow330.png'];uno_refrescado;disc150;274;98;67;165;338;217;67;No
225;arrow210.png;arrow090.png;arrow210.png;arrow270.png;['arrow030.png', 'arrow150.png', 'arrow330.png'];['arrow090.png', 'arrow270.png'];['arrow210.png'];uno_refrescado;disc210;31;311;180;113;358;283;113;No
226;arrow330.png;arrow030.png;arrow330.png;arrow210.png;['arrow090.png', 'arrow150.png', 'arrow270.png'];['arrow030.png', 'arrow210.png'];['arrow330.png'];uno_refrescado;disc210;12;355;79;204;164;136;204;No
227;arrow270.png;arrow090.png;arrow030.png;arrow270.png;['arrow150.png', 'arrow210.png', 'arrow330.png'];['arrow090.png', 'arrow030.png'];['arrow270.png'];dos_refrescado;disc270;337;117;14;76;189;151;189;No
228;arrow030.png;arrow210.png;arrow030.png;arrow210.png;['arrow090.png', 'arrow150.png', 'arrow270.png', 'arrow330.png'];['non_existent'];['arrow030.png', 'arrow210.png'];dos_refrescado;disc030;149;171;317;31;95;207;149;No
229;arrow210.png;arrow150.png;arrow210.png;arrow150.png;['arrow030.png', 'arrow090.png', 'arrow270.png', 'arrow330.png'];['non_existent'];['arrow210.png', 'arrow150.png'];dos_refrescado;disc210;135;170;293;331;230;351;331;No
230;arrow210.png;arrow330.png;arrow210.png;arrow030.png;['arrow090.png', 'arrow150.png', 'arrow270.png'];['arrow330.png', 'arrow030.png'];['arrow210.png'];uno_refrescado;disc210;316;119;181;152;227;271;152;No
231;arrow210.png;arrow090.png;arrow150.png;arrow090.png;['arrow030.png', 'arrow270.png', 'arrow330.png'];['arrow210.png', 'arrow150.png'];['arrow090.png'];uno_refrescado;disc150;190;271;247;7;84;52;247;No
232;arrow150.png;arrow090.png;arrow150.png;arrow090.png;['arrow030.png', 'arrow210.png', 'arrow270.png', 'arrow330.png'];['non_existent'];['arrow150.png', 'arrow090.png'];cero_refrescado;disc270;283;325;150;111;206;61;206;No
233;arrow270.png;arrow030.png;arrow150.png;arrow330.png;['arrow090.png', 'arrow210.png'];['arrow270.png', 'arrow030.png', 'arrow150.png', 'arrow330.png'];['non_existent'];uno_refrescado;disc150;325;70;184;7;217;151;184;No
234;arrow210.png;arrow150.png;arrow270.png;arrow150.png;['arrow030.png', 'arrow090.png', 'arrow330.png'];['arrow210.png', 'arrow270.png'];['arrow150.png'];cero_refrescado;disc330;45;219;354;82;258;319;319;No
235;arrow030.png;arrow150.png;arrow030.png;arrow090.png;['arrow210.png', 'arrow270.png', 'arrow330.png'];['arrow150.png', 'arrow090.png'];['arrow030.png'];cero_refrescado;disc270;283;2;108;311;349;61;349;No
236;arrow270.png;arrow090.png;arrow270.png;arrow330.png;['arrow030.png', 'arrow150.png', 'arrow210.png'];['arrow090.png', 'arrow330.png'];['arrow270.png'];uno_refrescado;disc330;55;86;134;359;339;300;300;No
237;arrow210.png;arrow090.png;arrow330.png;arrow210.png;['arrow030.png', 'arrow150.png', 'arrow270.png'];['arrow090.png', 'arrow330.png'];['arrow210.png'];cero_refrescado;disc150;48;226;290;201;145;360;290;No
238;arrow330.png;arrow090.png;arrow210.png;arrow150.png;['arrow030.png', 'arrow270.png'];['arrow330.png', 'arrow090.png', 'arrow210.png', 'arrow150.png'];['non_existent'];cero_refrescado;disc030;188;333;127;11;164;36;188;No
239;arrow090.png;arrow270.png;arrow090.png;arrow270.png;['arrow030.png', 'arrow150.png', 'arrow210.png', 'arrow330.png'];['non_existent'];['arrow090.png', 'arrow270.png'];dos_refrescado;disc270;263;41;133;98;317;7;317;No
240;arrow030.png;arrow210.png;arrow030.png;arrow330.png;['arrow090.png', 'arrow150.png', 'arrow270.png'];['arrow210.png', 'arrow330.png'];['arrow030.png'];dos_refrescado;disc030;312;50;188;267;167;242;312;No
241;arrow150.png;arrow030.png;arrow330.png;arrow090.png;['arrow210.png', 'arrow270.png'];['arrow150.png', 'arrow030.png', 'arrow330.png', 'arrow090.png'];['non_existent'];uno_refrescado;disc090;209;86;106;189;331;238;86;No
242;arrow330.png;arrow150.png;arrow210.png;arrow270.png;['arrow030.png', 'arrow090.png'];['arrow330.png', 'arrow150.png', 'arrow210.png', 'arrow270.png'];['non_existent'];uno_refrescado;disc210;27;265;340;154;79;296;154;No
243;arrow330.png;arrow210.png;arrow330.png;arrow030.png;['arrow090.png', 'arrow150.png', 'arrow270.png'];['arrow210.png', 'arrow030.png'];['arrow330.png'];cero_refrescado;disc090;175;263;333;19;110;89;263;No
244;arrow270.png;arrow030.png;arrow150.png;arrow210.png;['arrow090.png', 'arrow330.png'];['arrow270.png', 'arrow030.png', 'arrow150.png', 'arrow210.png'];['non_existent'];uno_refrescado;disc150;352;262;5;77;189;236;5;No
245;arrow090.png;arrow030.png;arrow270.png;arrow210.png;['arrow150.png', 'arrow330.png'];['arrow090.png', 'arrow030.png', 'arrow270.png', 'arrow210.png'];['non_existent'];cero_refrescado;disc330;40;215;160;63;263;116;116;No
246;arrow090.png;arrow030.png;arrow330.png;arrow150.png;['arrow210.png', 'arrow270.png'];['arrow090.png', 'arrow030.png', 'arrow330.png', 'arrow150.png'];['non_existent'];uno_refrescado;disc150;292;144;258;165;234;191;258;No
247;arrow030.png;arrow150.png;arrow330.png;arrow150.png;['arrow090.png', 'arrow210.png', 'arrow270.png'];['arrow030.png', 'arrow330.png'];['arrow150.png'];uno_refrescado;disc150;9;64;322;300;155;232;322;No
248;arrow090.png;arrow150.png;arrow210.png;arrow330.png;['arrow030.png', 'arrow270.png'];['arrow090.png', 'arrow150.png', 'arrow210.png', 'arrow330.png'];['non_existent'];cero_refrescado;disc030;92;257;229;60;147;300;92;No
249;arrow150.png;arrow270.png;arrow030.png;arrow150.png;['arrow090.png', 'arrow210.png', 'arrow330.png'];['arrow270.png', 'arrow030.png'];['arrow150.png'];cero_refrescado;disc210;331;70;361;178;44;278;178;No
250;arrow210.png;arrow330.png;arrow210.png;arrow090.png;['arrow030.png', 'arrow150.png', 'arrow270.png'];['arrow330.png', 'arrow090.png'];['arrow210.png'];dos_refrescado;disc210;194;127;353;64;273;6;64;No
251;arrow030.png;arrow150.png;arrow210.png;arrow150.png;['arrow090.png', 'arrow270.png', 'arrow330.png'];['arrow030.png', 'arrow210.png'];['arrow150.png'];cero_refrescado;disc330;262;336;208;4;27;157;157;No
252;arrow270.png;arrow150.png;arrow030.png;arrow150.png;['arrow090.png', 'arrow210.png', 'arrow330.png'];['arrow270.png', 'arrow030.png'];['arrow150.png'];uno_refrescado;disc030;352;108;330;292;6;87;352;No
253;arrow270.png;arrow150.png;arrow270.png;arrow150.png;['arrow030.png', 'arrow090.png', 'arrow210.png', 'arrow330.png'];['non_existent'];['arrow270.png', 'arrow150.png'];cero_refrescado;disc330;321;241;276;43;0;104;104;No
254;arrow150.png;arrow330.png;arrow030.png;arrow150.png;['arrow090.png', 'arrow210.png', 'arrow270.png'];['arrow330.png', 'arrow030.png'];['arrow150.png'];dos_refrescado;disc150;181;49;203;292;328;23;203;No
255;arrow210.png;arrow150.png;arrow270.png;arrow150.png;['arrow030.png', 'arrow090.png', 'arrow330.png'];['arrow210.png', 'arrow270.png'];['arrow150.png'];dos_refrescado;disc150;350;2;86;26;295;218;86;No
256;arrow270.png;arrow150.png;arrow030.png;arrow270.png;['arrow090.png', 'arrow210.png', 'arrow330.png'];['arrow150.png', 'arrow030.png'];['arrow270.png'];uno_refrescado;disc030;150;236;200;348;285;326;150;No
257;arrow270.png;arrow330.png;arrow270.png;arrow330.png;['arrow030.png', 'arrow090.png', 'arrow150.png', 'arrow210.png'];['non_existent'];['arrow270.png', 'arrow330.png'];cero_refrescado;disc210;198;175;32;107;81;250;107;No
258;arrow030.png;arrow330.png;arrow030.png;arrow330.png;['arrow090.png', 'arrow150.png', 'arrow210.png', 'arrow270.png'];['non_existent'];['arrow030.png', 'arrow330.png'];cero_refrescado;disc270;243;37;311;96;340;125;340;No
259;arrow030.png;arrow330.png;arrow030.png;arrow210.png;['arrow090.png', 'arrow150.png', 'arrow270.png'];['arrow330.png', 'arrow210.png'];['arrow030.png'];cero_refrescado;disc150;272;215;293;339;94;250;293;No
260;arrow270.png;arrow210.png;arrow330.png;arrow210.png;['arrow030.png', 'arrow090.png', 'arrow150.png'];['arrow270.png', 'arrow330.png'];['arrow210.png'];uno_refrescado;disc210;331;200;2;268;105;228;268;No
261;arrow150.png;arrow030.png;arrow090.png;arrow030.png;['arrow210.png', 'arrow270.png', 'arrow330.png'];['arrow150.png', 'arrow090.png'];['arrow030.png'];dos_refrescado;disc030;297;180;49;116;140;92;297;No
262;arrow330.png;arrow030.png;arrow270.png;arrow150.png;['arrow090.png', 'arrow210.png'];['arrow330.png', 'arrow030.png', 'arrow270.png', 'arrow150.png'];['non_existent'];uno_refrescado;disc270;32;113;262;133;161;77;161;No
263;arrow210.png;arrow150.png;arrow030.png;arrow210.png;['arrow090.png', 'arrow270.png', 'arrow330.png'];['arrow150.png', 'arrow030.png'];['arrow210.png'];dos_refrescado;disc210;262;213;29;152;7;236;152;No
264;arrow330.png;arrow030.png;arrow090.png;arrow030.png;['arrow150.png', 'arrow210.png', 'arrow270.png'];['arrow330.png', 'arrow090.png'];['arrow030.png'];uno_refrescado;disc090;277;37;77;7;135;308;37;No
265;arrow150.png;arrow090.png;arrow210.png;arrow330.png;['arrow030.png', 'arrow270.png'];['arrow150.png', 'arrow090.png', 'arrow210.png', 'arrow330.png'];['non_existent'];uno_refrescado;disc330;225;285;160;203;309;92;92;No
266;arrow330.png;arrow090.png;arrow150.png;arrow270.png;['arrow030.png', 'arrow210.png'];['arrow330.png', 'arrow090.png', 'arrow150.png', 'arrow270.png'];['non_existent'];cero_refrescado;disc030;165;304;91;19;143;276;165;No
267;arrow090.png;arrow210.png;arrow030.png;arrow090.png;['arrow150.png', 'arrow270.png', 'arrow330.png'];['arrow210.png', 'arrow030.png'];['arrow090.png'];uno_refrescado;disc030;294;54;80;140;340;250;294;No
268;arrow090.png;arrow210.png;arrow090.png;arrow270.png;['arrow030.png', 'arrow150.png', 'arrow330.png'];['arrow210.png', 'arrow270.png'];['arrow090.png'];cero_refrescado;disc330;299;261;180;62;223;21;21;No
269;arrow330.png;arrow270.png;arrow150.png;arrow270.png;['arrow030.png', 'arrow090.png', 'arrow210.png'];['arrow330.png', 'arrow150.png'];['arrow270.png'];cero_refrescado;disc090;320;205;146;68;13;269;205;No
270;arrow090.png;arrow330.png;arrow210.png;arrow090.png;['arrow030.png', 'arrow150.png', 'arrow270.png'];['arrow330.png', 'arrow210.png'];['arrow090.png'];cero_refrescado;disc150;145;184;361;119;22;219;361;No
271;arrow030.png;arrow090.png;arrow030.png;arrow090.png;['arrow150.png', 'arrow210.png', 'arrow270.png', 'arrow330.png'];['non_existent'];['arrow030.png', 'arrow090.png'];cero_refrescado;disc210;317;66;97;285;163;15;285;No
272;arrow150.png;arrow030.png;arrow090.png;arrow270.png;['arrow210.png', 'arrow330.png'];['arrow150.png', 'arrow030.png', 'arrow090.png', 'arrow270.png'];['non_existent'];cero_refrescado;disc210;339;99;120;238;295;275;238;No
273;arrow090.png;arrow030.png;arrow150.png;arrow090.png;['arrow210.png', 'arrow270.png', 'arrow330.png'];['arrow030.png', 'arrow150.png'];['arrow090.png'];cero_refrescado;disc270;245;142;269;22;322;223;322;No
274;arrow030.png;arrow210.png;arrow150.png;arrow030.png;['arrow090.png', 'arrow270.png', 'arrow330.png'];['arrow210.png', 'arrow150.png'];['arrow030.png'];dos_refrescado;disc030;73;38;233;206;294;99;73;No
275;arrow330.png;arrow150.png;arrow330.png;arrow210.png;['arrow030.png', 'arrow090.png', 'arrow270.png'];['arrow150.png', 'arrow210.png'];['arrow330.png'];cero_refrescado;disc030;87;316;0;155;207;125;87;No
276;arrow270.png;arrow030.png;arrow270.png;arrow030.png;['arrow090.png', 'arrow150.png', 'arrow210.png', 'arrow330.png'];['non_existent'];['arrow270.png', 'arrow030.png'];cero_refrescado;disc150;315;222;62;337;97;285;62;No
277;arrow150.png;arrow270.png;arrow330.png;arrow150.png;['arrow030.png', 'arrow090.png', 'arrow210.png'];['arrow270.png', 'arrow330.png'];['arrow150.png'];uno_refrescado;disc330;2;131;326;269;183;58;58;No
278;arrow270.png;arrow030.png;arrow150.png;arrow270.png;['arrow090.png', 'arrow210.png', 'arrow330.png'];['arrow030.png', 'arrow150.png'];['arrow270.png'];dos_refrescado;disc270;95;49;131;24;161;194;161;No
279;arrow330.png;arrow210.png;arrow330.png;arrow210.png;['arrow030.png', 'arrow090.png', 'arrow150.png', 'arrow270.png'];['non_existent'];['arrow330.png', 'arrow210.png'];cero_refrescado;disc150;13;219;134;59;266;154;134;No
280;arrow210.png;arrow270.png;arrow150.png;arrow270.png;['arrow030.png', 'arrow090.png', 'arrow330.png'];['arrow210.png', 'arrow150.png'];['arrow270.png'];dos_refrescado;disc270;35;183;66;304;93;279;93;No
281;arrow330.png;arrow210.png;arrow330.png;arrow210.png;['arrow030.png', 'arrow090.png', 'arrow150.png', 'arrow270.png'];['non_existent'];['arrow330.png', 'arrow210.png'];dos_refrescado;disc330;336;270;14;149;65;113;113;No
282;arrow270.png;arrow090.png;arrow030.png;arrow090.png;['arrow150.png', 'arrow210.png', 'arrow330.png'];['arrow270.png', 'arrow030.png'];['arrow090.png'];cero_refrescado;disc150;262;128;317;179;351;290;317;No
283;arrow210.png;arrow270.png;arrow330.png;arrow210.png;['arrow030.png', 'arrow090.png', 'arrow150.png'];['arrow270.png', 'arrow330.png'];['arrow210.png'];cero_refrescado;disc030;230;177;1;116;149;51;230;No
284;arrow210.png;arrow150.png;arrow330.png;arrow210.png;['arrow030.png', 'arrow090.png', 'arrow270.png'];['arrow150.png', 'arrow330.png'];['arrow210.png'];dos_refrescado;disc210;57;144;210;354;251;99;354;No
285;arrow270.png;arrow210.png;arrow270.png;arrow210.png;['arrow030.png', 'arrow090.png', 'arrow150.png', 'arrow330.png'];['non_existent'];['arrow270.png', 'arrow210.png'];dos_refrescado;disc270;211;337;103;4;178;240;178;No
286;arrow270.png;arrow210.png;arrow030.png;arrow270.png;['arrow090.png', 'arrow150.png', 'arrow330.png'];['arrow210.png', 'arrow030.png'];['arrow270.png'];cero_refrescado;disc150;147;310;125;42;279;182;125;No
287;arrow210.png;arrow150.png;arrow330.png;arrow090.png;['arrow030.png', 'arrow270.png'];['arrow210.png', 'arrow150.png', 'arrow330.png', 'arrow090.png'];['non_existent'];cero_refrescado;disc030;160;88;60;108;270;13;160;No
288;arrow270.png;arrow150.png;arrow330.png;arrow270.png;['arrow030.png', 'arrow090.png', 'arrow210.png'];['arrow150.png', 'arrow330.png'];['arrow270.png'];uno_refrescado;disc330;329;22;83;350;105;155;155;No
289;arrow270.png;arrow150.png;arrow210.png;arrow150.png;['arrow030.png', 'arrow090.png', 'arrow330.png'];['arrow270.png', 'arrow210.png'];['arrow150.png'];dos_refrescado;disc150;210;293;112;134;327;159;112;No
290;arrow210.png;arrow090.png;arrow150.png;arrow270.png;['arrow030.png', 'arrow330.png'];['arrow210.png', 'arrow090.png', 'arrow150.png', 'arrow270.png'];['non_existent'];cero_refrescado;disc330;288;146;327;36;206;12;12;No
291;arrow210.png;arrow270.png;arrow330.png;arrow270.png;['arrow030.png', 'arrow090.png', 'arrow150.png'];['arrow210.png', 'arrow330.png'];['arrow270.png'];cero_refrescado;disc030;94;151;204;14;288;256;94;No
292;arrow330.png;arrow270.png;arrow330.png;arrow270.png;['arrow030.png', 'arrow090.png', 'arrow150.png', 'arrow210.png'];['non_existent'];['arrow330.png', 'arrow270.png'];cero_refrescado;disc090;358;63;217;158;88;298;63;No
293;arrow090.png;arrow150.png;arrow270.png;arrow330.png;['arrow030.png', 'arrow210.png'];['arrow090.png', 'arrow150.png', 'arrow270.png', 'arrow330.png'];['non_existent'];cero_refrescado;disc210;314;63;352;39;251;85;39;No
294;arrow090.png;arrow270.png;arrow090.png;arrow150.png;['arrow030.png', 'arrow210.png', 'arrow330.png'];['arrow270.png', 'arrow150.png'];['arrow090.png'];cero_refrescado;disc030;59;19;314;248;173;86;59;No
295;arrow210.png;arrow330.png;arrow210.png;arrow090.png;['arrow030.png', 'arrow150.png', 'arrow270.png'];['arrow330.png', 'arrow090.png'];['arrow210.png'];dos_refrescado;disc210;273;302;327;174;19;108;174;No
296;arrow150.png;arrow210.png;arrow330.png;arrow030.png;['arrow090.png', 'arrow270.png'];['arrow150.png', 'arrow210.png', 'arrow330.png', 'arrow030.png'];['non_existent'];cero_refrescado;disc270;294;70;13;90;47;318;47;No
297;arrow210.png;arrow270.png;arrow210.png;arrow030.png;['arrow090.png', 'arrow150.png', 'arrow330.png'];['arrow270.png', 'arrow030.png'];['arrow210.png'];dos_refrescado;disc210;212;4;355;245;292;180;245;No
298;arrow030.png;arrow210.png;arrow030.png;arrow090.png;['arrow150.png', 'arrow270.png', 'arrow330.png'];['arrow210.png', 'arrow090.png'];['arrow030.png'];dos_refrescado;disc030;248;80;223;298;202;54;248;No
299;arrow330.png;arrow150.png;arrow090.png;arrow030.png;['arrow210.png', 'arrow270.png'];['arrow330.png', 'arrow150.png', 'arrow090.png', 'arrow030.png'];['non_existent'];uno_refrescado;disc090;353;102;258;237;287;209;102;No
300;arrow270.png;arrow330.png;arrow030.png;arrow330.png;['arrow090.png', 'arrow150.png', 'arrow210.png'];['arrow270.png', 'arrow030.png'];['arrow330.png'];uno_refrescado;disc330;324;92;223;160;67;113;113;No
301;arrow270.png;arrow210.png;arrow330.png;arrow090.png;['arrow030.png', 'arrow150.png'];['arrow270.png', 'arrow210.png', 'arrow330.png', 'arrow090.png'];['non_existent'];cero_refrescado;disc150;54;356;313;21;283;249;313;No
302;arrow090.png;arrow330.png;arrow090.png;arrow030.png;['arrow150.png', 'arrow210.png', 'arrow270.png'];['arrow330.png', 'arrow030.png'];['arrow090.png'];cero_refrescado;disc210;6;263;351;124;227;299;124;No
303;arrow210.png;arrow270.png;arrow210.png;arrow090.png;['arrow030.png', 'arrow150.png', 'arrow330.png'];['arrow270.png', 'arrow090.png'];['arrow210.png'];uno_refrescado;disc210;221;100;266;322;69;185;322;No
304;arrow030.png;arrow150.png;arrow270.png;arrow090.png;['arrow210.png', 'arrow330.png'];['arrow030.png', 'arrow150.png', 'arrow270.png', 'arrow090.png'];['non_existent'];uno_refrescado;disc270;205;351;47;139;244;79;244;No
305;arrow210.png;arrow090.png;arrow150.png;arrow210.png;['arrow030.png', 'arrow270.png', 'arrow330.png'];['arrow090.png', 'arrow150.png'];['arrow210.png'];uno_refrescado;disc210;356;295;231;51;81;119;51;No
306;arrow150.png;arrow090.png;arrow150.png;arrow090.png;['arrow030.png', 'arrow210.png', 'arrow270.png', 'arrow330.png'];['non_existent'];['arrow150.png', 'arrow090.png'];cero_refrescado;disc030;32;202;305;176;355;243;32;No
307;arrow270.png;arrow330.png;arrow270.png;arrow090.png;['arrow030.png', 'arrow150.png', 'arrow210.png'];['arrow330.png', 'arrow090.png'];['arrow270.png'];uno_refrescado;disc090;178;134;354;67;267;17;134;No
308;arrow330.png;arrow030.png;arrow330.png;arrow090.png;['arrow150.png', 'arrow210.png', 'arrow270.png'];['arrow030.png', 'arrow090.png'];['arrow330.png'];uno_refrescado;disc330;0;356;41;175;271;214;214;No
309;arrow150.png;arrow330.png;arrow030.png;arrow150.png;['arrow090.png', 'arrow210.png', 'arrow270.png'];['arrow330.png', 'arrow030.png'];['arrow150.png'];uno_refrescado;disc150;124;157;316;65;236;290;316;No
310;arrow210.png;arrow270.png;arrow330.png;arrow210.png;['arrow030.png', 'arrow090.png', 'arrow150.png'];['arrow270.png', 'arrow330.png'];['arrow210.png'];cero_refrescado;disc090;60;160;339;256;11;359;160;No
311;arrow330.png;arrow030.png;arrow270.png;arrow330.png;['arrow090.png', 'arrow150.png', 'arrow210.png'];['arrow030.png', 'arrow270.png'];['arrow330.png'];dos_refrescado;disc330;337;263;239;315;8;137;137;No
312;arrow030.png;arrow150.png;arrow030.png;arrow150.png;['arrow090.png', 'arrow210.png', 'arrow270.png', 'arrow330.png'];['non_existent'];['arrow030.png', 'arrow150.png'];cero_refrescado;disc210;285;126;325;217;79;25;217;No
313;arrow150.png;arrow030.png;arrow090.png;arrow270.png;['arrow210.png', 'arrow330.png'];['arrow150.png', 'arrow030.png', 'arrow090.png', 'arrow270.png'];['non_existent'];cero_refrescado;disc210;209;240;178;313;265;63;313;No
314;arrow210.png;arrow330.png;arrow210.png;arrow270.png;['arrow030.png', 'arrow090.png', 'arrow150.png'];['arrow330.png', 'arrow270.png'];['arrow210.png'];cero_refrescado;disc090;5;65;246;302;87;153;65;No
315;arrow330.png;arrow210.png;arrow330.png;arrow030.png;['arrow090.png', 'arrow150.png', 'arrow270.png'];['arrow210.png', 'arrow030.png'];['arrow330.png'];dos_refrescado;disc330;174;241;62;153;38;110;110;No
316;arrow150.png;arrow210.png;arrow150.png;arrow090.png;['arrow030.png', 'arrow270.png', 'arrow330.png'];['arrow210.png', 'arrow090.png'];['arrow150.png'];uno_refrescado;disc150;308;333;246;226;357;52;246;No
317;arrow090.png;arrow330.png;arrow090.png;arrow150.png;['arrow030.png', 'arrow210.png', 'arrow270.png'];['arrow330.png', 'arrow150.png'];['arrow090.png'];cero_refrescado;disc270;132;14;34;329;243;154;243;No
318;arrow090.png;arrow030.png;arrow270.png;arrow090.png;['arrow150.png', 'arrow210.png', 'arrow330.png'];['arrow030.png', 'arrow270.png'];['arrow090.png'];cero_refrescado;disc210;200;293;51;179;222;254;179;No
319;arrow150.png;arrow090.png;arrow270.png;arrow330.png;['arrow030.png', 'arrow210.png'];['arrow150.png', 'arrow090.png', 'arrow270.png', 'arrow330.png'];['non_existent'];cero_refrescado;disc030;322;165;106;9;140;255;322;No
320;arrow330.png;arrow150.png;arrow090.png;arrow270.png;['arrow030.png', 'arrow210.png'];['arrow330.png', 'arrow150.png', 'arrow090.png', 'arrow270.png'];['non_existent'];cero_refrescado;disc210;129;103;301;200;357;55;200;No
321;arrow090.png;arrow330.png;arrow210.png;arrow090.png;['arrow030.png', 'arrow150.png', 'arrow270.png'];['arrow330.png', 'arrow210.png'];['arrow090.png'];dos_refrescado;disc090;228;316;116;160;203;342;316;No
322;arrow210.png;arrow090.png;arrow210.png;arrow270.png;['arrow030.png', 'arrow150.png', 'arrow330.png'];['arrow090.png', 'arrow270.png'];['arrow210.png'];uno_refrescado;disc270;47;162;359;282;133;9;133;No
323;arrow150.png;arrow090.png;arrow150.png;arrow330.png;['arrow030.png', 'arrow210.png', 'arrow270.png'];['arrow090.png', 'arrow330.png'];['arrow150.png'];dos_refrescado;disc150;143;117;278;347;227;186;278;No
324;arrow210.png;arrow150.png;arrow270.png;arrow150.png;['arrow030.png', 'arrow090.png', 'arrow330.png'];['arrow210.png', 'arrow270.png'];['arrow150.png'];dos_refrescado;disc150;36;240;168;74;329;279;168;No
325;arrow150.png;arrow030.png;arrow090.png;arrow150.png;['arrow210.png', 'arrow270.png', 'arrow330.png'];['arrow030.png', 'arrow090.png'];['arrow150.png'];uno_refrescado;disc090;143;198;40;163;19;123;198;No
326;arrow330.png;arrow030.png;arrow270.png;arrow150.png;['arrow090.png', 'arrow210.png'];['arrow330.png', 'arrow030.png', 'arrow270.png', 'arrow150.png'];['non_existent'];cero_refrescado;disc090;318;175;247;108;282;340;175;No
327;arrow330.png;arrow090.png;arrow330.png;arrow090.png;['arrow030.png', 'arrow150.png', 'arrow210.png', 'arrow270.png'];['non_existent'];['arrow330.png', 'arrow090.png'];dos_refrescado;disc090;149;100;250;179;209;4;100;No
328;arrow090.png;arrow150.png;arrow030.png;arrow150.png;['arrow210.png', 'arrow270.png', 'arrow330.png'];['arrow090.png', 'arrow030.png'];['arrow150.png'];cero_refrescado;disc270;26;295;228;157;0;273;0;No
329;arrow150.png;arrow270.png;arrow030.png;arrow150.png;['arrow090.png', 'arrow210.png', 'arrow330.png'];['arrow270.png', 'arrow030.png'];['arrow150.png'];uno_refrescado;disc030;27;330;264;303;170;134;27;No
330;arrow090.png;arrow330.png;arrow270.png;arrow030.png;['arrow150.png', 'arrow210.png'];['arrow090.png', 'arrow330.png', 'arrow270.png', 'arrow030.png'];['non_existent'];uno_refrescado;disc030;282;132;44;315;16;173;282;No
331;arrow150.png;arrow210.png;arrow150.png;arrow210.png;['arrow030.png', 'arrow090.png', 'arrow270.png', 'arrow330.png'];['non_existent'];['arrow150.png', 'arrow210.png'];dos_refrescado;disc150;122;162;221;67;16;338;221;No
332;arrow030.png;arrow150.png;arrow210.png;arrow330.png;['arrow090.png', 'arrow270.png'];['arrow030.png', 'arrow150.png', 'arrow210.png', 'arrow330.png'];['non_existent'];cero_refrescado;disc090;149;61;115;268;86;191;61;No
333;arrow270.png;arrow210.png;arrow090.png;arrow210.png;['arrow030.png', 'arrow150.png', 'arrow330.png'];['arrow270.png', 'arrow090.png'];['arrow210.png'];dos_refrescado;disc210;103;71;133;285;47;181;285;No
334;arrow090.png;arrow150.png;arrow270.png;arrow210.png;['arrow030.png', 'arrow330.png'];['arrow090.png', 'arrow150.png', 'arrow270.png', 'arrow210.png'];['non_existent'];uno_refrescado;disc210;15;70;243;360;211;306;360;No
335;arrow030.png;arrow150.png;arrow330.png;arrow030.png;['arrow090.png', 'arrow210.png', 'arrow270.png'];['arrow150.png', 'arrow330.png'];['arrow030.png'];dos_refrescado;disc030;251;39;296;106;9;340;251;No
336;arrow090.png;arrow210.png;arrow030.png;arrow330.png;['arrow150.png', 'arrow270.png'];['arrow090.png', 'arrow210.png', 'arrow030.png', 'arrow330.png'];['non_existent'];uno_refrescado;disc330;321;2;113;279;357;44;44;No
337;arrow090.png;arrow030.png;arrow150.png;arrow090.png;['arrow210.png', 'arrow270.png', 'arrow330.png'];['arrow030.png', 'arrow150.png'];['arrow090.png'];dos_refrescado;disc090;131;226;180;94;24;284;226;No
338;arrow030.png;arrow270.png;arrow030.png;arrow210.png;['arrow090.png', 'arrow150.png', 'arrow330.png'];['arrow270.png', 'arrow210.png'];['arrow030.png'];cero_refrescado;disc330;301;226;143;73;194;167;167;No
339;arrow210.png;arrow330.png;arrow030.png;arrow210.png;['arrow090.png', 'arrow150.png', 'arrow270.png'];['arrow330.png', 'arrow030.png'];['arrow210.png'];dos_refrescado;disc210;76;54;121;288;192;30;288;No
340;arrow030.png;arrow210.png;arrow090.png;arrow030.png;['arrow150.png', 'arrow270.png', 'arrow330.png'];['arrow210.png', 'arrow090.png'];['arrow030.png'];dos_refrescado;disc030;45;160;352;291;324;127;45;No
341;arrow270.png;arrow150.png;arrow030.png;arrow150.png;['arrow090.png', 'arrow210.png', 'arrow330.png'];['arrow270.png', 'arrow030.png'];['arrow150.png'];uno_refrescado;disc150;93;176;209;355;281;123;209;No
342;arrow090.png;arrow210.png;arrow090.png;arrow210.png;['arrow030.png', 'arrow150.png', 'arrow270.png', 'arrow330.png'];['non_existent'];['arrow090.png', 'arrow210.png'];dos_refrescado;disc210;356;189;53;162;96;272;162;No
343;arrow150.png;arrow330.png;arrow270.png;arrow150.png;['arrow030.png', 'arrow090.png', 'arrow210.png'];['arrow330.png', 'arrow270.png'];['arrow150.png'];uno_refrescado;disc150;76;208;6;164;111;242;6;No
344;arrow270.png;arrow090.png;arrow270.png;arrow090.png;['arrow030.png', 'arrow150.png', 'arrow210.png', 'arrow330.png'];['non_existent'];['arrow270.png', 'arrow090.png'];cero_refrescado;disc150;56;261;4;178;231;76;4;No
345;arrow330.png;arrow270.png;arrow330.png;arrow270.png;['arrow030.png', 'arrow090.png', 'arrow150.png', 'arrow210.png'];['non_existent'];['arrow330.png', 'arrow270.png'];dos_refrescado;disc270;256;311;134;86;354;16;354;No
346;arrow150.png;arrow330.png;arrow150.png;arrow330.png;['arrow030.png', 'arrow090.png', 'arrow210.png', 'arrow270.png'];['non_existent'];['arrow150.png', 'arrow330.png'];dos_refrescado;disc330;18;90;220;41;297;61;61;No
347;arrow270.png;arrow330.png;arrow210.png;arrow270.png;['arrow030.png', 'arrow090.png', 'arrow150.png'];['arrow330.png', 'arrow210.png'];['arrow270.png'];cero_refrescado;disc030;42;167;356;62;82;290;42;No
348;arrow210.png;arrow030.png;arrow210.png;arrow030.png;['arrow090.png', 'arrow150.png', 'arrow270.png', 'arrow330.png'];['non_existent'];['arrow210.png', 'arrow030.png'];dos_refrescado;disc030;160;47;249;26;93;332;160;No
349;arrow150.png;arrow090.png;arrow150.png;arrow270.png;['arrow030.png', 'arrow210.png', 'arrow330.png'];['arrow090.png', 'arrow270.png'];['arrow150.png'];cero_refrescado;disc330;35;11;151;311;70;356;356;No
350;arrow150.png;arrow270.png;arrow150.png;arrow270.png;['arrow030.png', 'arrow090.png', 'arrow210.png', 'arrow330.png'];['non_existent'];['arrow150.png', 'arrow270.png'];cero_refrescado;disc210;18;87;310;186;156;229;186;No
351;arrow090.png;arrow030.png;arrow210.png;arrow090.png;['arrow150.png', 'arrow270.png', 'arrow330.png'];['arrow030.png', 'arrow210.png'];['arrow090.png'];dos_refrescado;disc090;279;237;352;115;325;43;237;No
352;arrow210.png;arrow030.png;arrow330.png;arrow030.png;['arrow090.png', 'arrow150.png', 'arrow270.png'];['arrow210.png', 'arrow330.png'];['arrow030.png'];dos_refrescado;disc030;203;68;238;99;27;166;203;No
353;arrow150.png;arrow210.png;arrow090.png;arrow330.png;['arrow030.png', 'arrow270.png'];['arrow150.png', 'arrow210.png', 'arrow090.png', 'arrow330.png'];['non_existent'];uno_refrescado;disc330;116;42;148;237;172;304;304;No
354;arrow090.png;arrow150.png;arrow270.png;arrow090.png;['arrow030.png', 'arrow210.png', 'arrow330.png'];['arrow150.png', 'arrow270.png'];['arrow090.png'];dos_refrescado;disc090;233;141;169;114;264;333;141;No
355;arrow030.png;arrow210.png;arrow150.png;arrow030.png;['arrow090.png', 'arrow270.png', 'arrow330.png'];['arrow210.png', 'arrow150.png'];['arrow030.png'];dos_refrescado;disc030;46;122;284;220;153;0;46;No
356;arrow330.png;arrow270.png;arrow330.png;arrow270.png;['arrow030.png', 'arrow090.png', 'arrow150.png', 'arrow210.png'];['non_existent'];['arrow330.png', 'arrow270.png'];dos_refrescado;disc270;292;244;211;82;341;155;341;No
357;arrow030.png;arrow150.png;arrow030.png;arrow150.png;['arrow090.png', 'arrow210.png', 'arrow270.png', 'arrow330.png'];['non_existent'];['arrow030.png', 'arrow150.png'];dos_refrescado;disc030;166;108;335;245;219;69;166;No
358;arrow030.png;arrow150.png;arrow090.png;arrow150.png;['arrow210.png', 'arrow270.png', 'arrow330.png'];['arrow030.png', 'arrow090.png'];['arrow150.png'];uno_refrescado;disc090;142;271;58;314;112;1;271;No
359;arrow030.png;arrow090.png;arrow030.png;arrow090.png;['arrow150.png', 'arrow210.png', 'arrow270.png', 'arrow330.png'];['non_existent'];['arrow030.png', 'arrow090.png'];cero_refrescado;disc330;191;232;321;257;137;360;360;No
360;arrow090.png;arrow270.png;arrow210.png;arrow090.png;['arrow030.png', 'arrow150.png', 'arrow330.png'];['arrow270.png', 'arrow210.png'];['arrow090.png'];uno_refrescado;disc090;300;68;148;38;95;226;68;No
361;arrow150.png;arrow270.png;arrow150.png;arrow090.png;['arrow030.png', 'arrow210.png', 'arrow330.png'];['arrow270.png', 'arrow090.png'];['arrow150.png'];dos_refrescado;disc150;219;300;327;154;26;100;327;No
362;arrow270.png;arrow150.png;arrow210.png;arrow270.png;['arrow030.png', 'arrow090.png', 'arrow330.png'];['arrow150.png', 'arrow210.png'];['arrow270.png'];uno_refrescado;disc210;38;292;65;224;10;100;224;No
363;arrow210.png;arrow270.png;arrow330.png;arrow270.png;['arrow030.png', 'arrow090.png', 'arrow150.png'];['arrow210.png', 'arrow330.png'];['arrow270.png'];uno_refrescado;disc270;90;21;209;55;347;243;347;No
364;arrow330.png;arrow090.png;arrow210.png;arrow090.png;['arrow030.png', 'arrow150.png', 'arrow270.png'];['arrow330.png', 'arrow210.png'];['arrow090.png'];cero_refrescado;disc270;278;336;79;246;3;102;3;No
365;arrow150.png;arrow270.png;arrow330.png;arrow150.png;['arrow030.png', 'arrow090.png', 'arrow210.png'];['arrow270.png', 'arrow330.png'];['arrow150.png'];cero_refrescado;disc030;236;287;4;189;263;161;236;No
366;arrow150.png;arrow030.png;arrow090.png;arrow030.png;['arrow210.png', 'arrow270.png', 'arrow330.png'];['arrow150.png', 'arrow090.png'];['arrow030.png'];uno_refrescado;disc030;213;355;13;96;280;167;213;No
367;arrow210.png;arrow330.png;arrow210.png;arrow330.png;['arrow030.png', 'arrow090.png', 'arrow150.png', 'arrow270.png'];['non_existent'];['arrow210.png', 'arrow330.png'];dos_refrescado;disc330;309;149;13;225;71;201;201;No
368;arrow330.png;arrow090.png;arrow270.png;arrow330.png;['arrow030.png', 'arrow150.png', 'arrow210.png'];['arrow090.png', 'arrow270.png'];['arrow330.png'];uno_refrescado;disc330;140;183;105;35;72;5;5;No
369;arrow210.png;arrow090.png;arrow150.png;arrow090.png;['arrow030.png', 'arrow270.png', 'arrow330.png'];['arrow210.png', 'arrow150.png'];['arrow090.png'];cero_refrescado;disc330;149;35;73;202;290;343;343;No
370;arrow210.png;arrow030.png;arrow270.png;arrow030.png;['arrow090.png', 'arrow150.png', 'arrow330.png'];['arrow210.png', 'arrow270.png'];['arrow030.png'];uno_refrescado;disc270;242;169;27;119;53;79;53;No
371;arrow090.png;arrow030.png;arrow210.png;arrow270.png;['arrow150.png', 'arrow330.png'];['arrow090.png', 'arrow030.png', 'arrow210.png', 'arrow270.png'];['non_existent'];uno_refrescado;disc270;228;192;152;91;311;21;311;No
372;arrow270.png;arrow210.png;arrow270.png;arrow090.png;['arrow030.png', 'arrow150.png', 'arrow330.png'];['arrow210.png', 'arrow090.png'];['arrow270.png'];dos_refrescado;disc270;259;305;326;208;178;2;178;No
373;arrow150.png;arrow030.png;arrow210.png;arrow090.png;['arrow270.png', 'arrow330.png'];['arrow150.png', 'arrow030.png', 'arrow210.png', 'arrow090.png'];['non_existent'];uno_refrescado;disc210;37;87;117;355;261;10;355;No
374;arrow090.png;arrow030.png;arrow330.png;arrow090.png;['arrow150.png', 'arrow210.png', 'arrow270.png'];['arrow030.png', 'arrow330.png'];['arrow090.png'];uno_refrescado;disc330;166;114;236;60;339;134;134;No
375;arrow330.png;arrow210.png;arrow150.png;arrow210.png;['arrow030.png', 'arrow090.png', 'arrow270.png'];['arrow330.png', 'arrow150.png'];['arrow210.png'];cero_refrescado;disc030;32;84;306;253;331;218;32;No
376;arrow330.png;arrow090.png;arrow330.png;arrow090.png;['arrow030.png', 'arrow150.png', 'arrow210.png', 'arrow270.png'];['non_existent'];['arrow330.png', 'arrow090.png'];cero_refrescado;disc030;251;193;60;8;35;113;251;No
377;arrow210.png;arrow270.png;arrow090.png;arrow270.png;['arrow030.png', 'arrow150.png', 'arrow330.png'];['arrow210.png', 'arrow090.png'];['arrow270.png'];dos_refrescado;disc270;320;139;63;198;349;222;349;No
378;arrow150.png;arrow210.png;arrow330.png;arrow210.png;['arrow030.png', 'arrow090.png', 'arrow270.png'];['arrow150.png', 'arrow330.png'];['arrow210.png'];dos_refrescado;disc210;166;4;287;30;267;80;30;No
379;arrow030.png;arrow330.png;arrow210.png;arrow330.png;['arrow090.png', 'arrow150.png', 'arrow270.png'];['arrow030.png', 'arrow210.png'];['arrow330.png'];dos_refrescado;disc330;238;190;63;127;352;299;299;No
380;arrow030.png;arrow150.png;arrow090.png;arrow030.png;['arrow210.png', 'arrow270.png', 'arrow330.png'];['arrow150.png', 'arrow090.png'];['arrow030.png'];uno_refrescado;disc090;49;159;305;113;76;236;159;No
381;arrow090.png;arrow330.png;arrow090.png;arrow030.png;['arrow150.png', 'arrow210.png', 'arrow270.png'];['arrow330.png', 'arrow030.png'];['arrow090.png'];dos_refrescado;disc090;290;68;205;174;244;356;68;No
382;arrow090.png;arrow270.png;arrow090.png;arrow270.png;['arrow030.png', 'arrow150.png', 'arrow210.png', 'arrow330.png'];['non_existent'];['arrow090.png', 'arrow270.png'];cero_refrescado;disc030;223;319;42;183;274;112;223;No
383;arrow270.png;arrow030.png;arrow270.png;arrow030.png;['arrow090.png', 'arrow150.png', 'arrow210.png', 'arrow330.png'];['non_existent'];['arrow270.png', 'arrow030.png'];dos_refrescado;disc270;345;96;178;22;121;307;121;No
384;arrow210.png;arrow090.png;arrow030.png;arrow330.png;['arrow150.png', 'arrow270.png'];['arrow210.png', 'arrow090.png', 'arrow030.png', 'arrow330.png'];['non_existent'];cero_refrescado;disc270;175;213;154;61;342;296;342;No
385;arrow150.png;arrow330.png;arrow090.png;arrow330.png;['arrow030.png', 'arrow210.png', 'arrow270.png'];['arrow150.png', 'arrow090.png'];['arrow330.png'];cero_refrescado;disc030;161;212;336;33;292;112;161;No
386;arrow150.png;arrow030.png;arrow150.png;arrow030.png;['arrow090.png', 'arrow210.png', 'arrow270.png', 'arrow330.png'];['non_existent'];['arrow150.png', 'arrow030.png'];dos_refrescado;disc030;172;56;201;125;340;320;172;No
387;arrow270.png;arrow150.png;arrow210.png;arrow150.png;['arrow030.png', 'arrow090.png', 'arrow330.png'];['arrow270.png', 'arrow210.png'];['arrow150.png'];uno_refrescado;disc150;95;223;127;58;10;261;127;No
388;arrow150.png;arrow270.png;arrow330.png;arrow150.png;['arrow030.png', 'arrow090.png', 'arrow210.png'];['arrow270.png', 'arrow330.png'];['arrow150.png'];dos_refrescado;disc150;283;320;14;123;345;67;14;No
389;arrow330.png;arrow150.png;arrow270.png;arrow150.png;['arrow030.png', 'arrow090.png', 'arrow210.png'];['arrow330.png', 'arrow270.png'];['arrow150.png'];uno_refrescado;disc270;260;219;53;79;107;2;107;No
390;arrow210.png;arrow030.png;arrow270.png;arrow150.png;['arrow090.png', 'arrow330.png'];['arrow210.png', 'arrow030.png', 'arrow270.png', 'arrow150.png'];['non_existent'];cero_refrescado;disc090;219;310;158;63;22;275;310;No
391;arrow030.png;arrow090.png;arrow030.png;arrow090.png;['arrow150.png', 'arrow210.png', 'arrow270.png', 'arrow330.png'];['non_existent'];['arrow030.png', 'arrow090.png'];dos_refrescado;disc090;341;278;217;80;311;60;278;No
392;arrow270.png;arrow330.png;arrow150.png;arrow330.png;['arrow030.png', 'arrow090.png', 'arrow210.png'];['arrow270.png', 'arrow150.png'];['arrow330.png'];cero_refrescado;disc090;272;246;180;54;354;91;246;No
393;arrow270.png;arrow150.png;arrow270.png;arrow150.png;['arrow030.png', 'arrow090.png', 'arrow210.png', 'arrow330.png'];['non_existent'];['arrow270.png', 'arrow150.png'];dos_refrescado;disc270;170;273;247;64;349;308;349;No
394;arrow210.png;arrow090.png;arrow210.png;arrow090.png;['arrow030.png', 'arrow150.png', 'arrow270.png', 'arrow330.png'];['non_existent'];['arrow210.png', 'arrow090.png'];cero_refrescado;disc270;133;60;187;303;341;7;341;No
395;arrow330.png;arrow270.png;arrow150.png;arrow270.png;['arrow030.png', 'arrow090.png', 'arrow210.png'];['arrow330.png', 'arrow150.png'];['arrow270.png'];dos_refrescado;disc270;159;354;261;227;303;7;303;No
